date,mortality,pm10,season
1992-01-01,229,32.2488331529,winter
1992-01-02,263,NA,winter
1992-01-03,253,NA,winter
1992-01-04,232,NA,winter
1992-01-05,238,NA,winter
1992-01-06,182,NA,winter
1992-01-07,241,16.484284922,winter
1992-01-08,208,NA,winter
1992-01-09,234,NA,winter
1992-01-10,257,NA,winter
1992-01-11,205,NA,winter
1992-01-12,220,NA,winter
1992-01-13,233,34.382542916,winter
1992-01-14,239,NA,winter
1992-01-15,208,NA,winter
1992-01-16,222,NA,winter
1992-01-17,233,NA,winter
1992-01-18,227,NA,winter
1992-01-19,218,15.942711783000002,winter
1992-01-20,231,NA,winter
1992-01-21,220,NA,winter
1992-01-22,219,NA,winter
1992-01-23,255,NA,winter
1992-01-24,236,NA,winter
1992-01-25,203,17.555932684000002,winter
1992-01-26,202,NA,winter
1992-01-27,230,NA,winter
1992-01-28,208,NA,winter
1992-01-29,191,NA,winter
1992-01-30,193,NA,winter
1992-01-31,214,36.670428818299996,winter
1992-02-01,207,NA,winter
1992-02-02,190,NA,winter
1992-02-03,210,NA,winter
1992-02-04,204,NA,winter
1992-02-05,223,NA,winter
1992-02-06,197,24.147772495999998,winter
1992-02-07,209,NA,winter
1992-02-08,197,NA,winter
1992-02-09,187,NA,winter
1992-02-10,211,NA,winter
1992-02-11,208,NA,winter
1992-02-12,184,18.139088667,winter
1992-02-13,212,NA,winter
1992-02-14,198,NA,winter
1992-02-15,210,NA,winter
1992-02-16,205,NA,winter
1992-02-17,193,NA,winter
1992-02-18,185,29.708107986199998,winter
1992-02-19,204,NA,winter
1992-02-20,193,NA,winter
1992-02-21,178,NA,winter
1992-02-22,208,NA,winter
1992-02-23,181,NA,winter
1992-02-24,184,26.515489196,winter
1992-02-25,187,NA,winter
1992-02-26,191,NA,winter
1992-02-27,175,NA,winter
1992-02-28,214,NA,winter
1992-02-29,194,NA,winter
1992-03-01,195,19.554103186,winter
1992-03-02,212,NA,winter
1992-03-03,185,NA,winter
1992-03-04,205,NA,winter
1992-03-05,189,NA,winter
1992-03-06,190,NA,winter
1992-03-07,183,26.899991115000002,winter
1992-03-08,171,NA,winter
1992-03-09,197,NA,winter
1992-03-10,194,NA,winter
1992-03-11,229,NA,winter
1992-03-12,214,NA,winter
1992-03-13,174,17.179681043,winter
1992-03-14,201,NA,winter
1992-03-15,155,NA,winter
1992-03-16,218,NA,winter
1992-03-17,213,NA,winter
1992-03-18,220,NA,winter
1992-03-19,177,20.587663592,winter
1992-03-20,203,NA,winter
1992-03-21,176,NA,winter
1992-03-22,174,NA,winter
1992-03-23,178,NA,winter
1992-03-24,204,NA,winter
1992-03-25,158,34.989467620599996,winter
1992-03-26,206,NA,winter
1992-03-27,187,NA,winter
1992-03-28,186,NA,winter
1992-03-29,194,NA,winter
1992-03-30,169,NA,winter
1992-03-31,178,22.856794934,winter
1992-04-01,216,NA,spring
1992-04-02,192,NA,spring
1992-04-03,191,NA,spring
1992-04-04,197,NA,spring
1992-04-05,156,NA,spring
1992-04-06,177,16.946471514000002,spring
1992-04-07,191,NA,spring
1992-04-08,210,NA,spring
1992-04-09,170,NA,spring
1992-04-10,191,NA,spring
1992-04-11,179,NA,spring
1992-04-12,204,20.002098998,spring
1992-04-13,209,NA,spring
1992-04-14,168,NA,spring
1992-04-15,193,NA,spring
1992-04-16,181,NA,spring
1992-04-17,210,NA,spring
1992-04-18,190,19.429022557,spring
1992-04-19,180,NA,spring
1992-04-20,200,NA,spring
1992-04-21,193,NA,spring
1992-04-22,179,NA,spring
1992-04-23,186,NA,spring
1992-04-24,199,35.4344850598,spring
1992-04-25,189,NA,spring
1992-04-26,157,NA,spring
1992-04-27,189,NA,spring
1992-04-28,161,NA,spring
1992-04-29,173,NA,spring
1992-04-30,183,23.331716292000003,spring
1992-05-01,184,NA,spring
1992-05-02,211,NA,spring
1992-05-03,213,NA,spring
1992-05-04,181,NA,spring
1992-05-05,202,NA,spring
1992-05-06,180,20.382188976000002,spring
1992-05-07,176,NA,spring
1992-05-08,200,NA,spring
1992-05-09,200,NA,spring
1992-05-10,178,NA,spring
1992-05-11,185,NA,spring
1992-05-12,191,22.540375518,spring
1992-05-13,171,NA,spring
1992-05-14,207,NA,spring
1992-05-15,181,NA,spring
1992-05-16,168,NA,spring
1992-05-17,166,NA,spring
1992-05-18,199,27.897266639799998,spring
1992-05-19,197,NA,spring
1992-05-20,151,NA,spring
1992-05-21,228,NA,spring
1992-05-22,194,NA,spring
1992-05-23,202,NA,spring
1992-05-24,184,38.807681724000005,spring
1992-05-25,188,NA,spring
1992-05-26,169,NA,spring
1992-05-27,190,NA,spring
1992-05-28,176,NA,spring
1992-05-29,184,NA,spring
1992-05-30,192,21.000148975,spring
1992-05-31,190,NA,spring
1992-06-01,198,NA,spring
1992-06-02,163,NA,spring
1992-06-03,214,NA,spring
1992-06-04,206,NA,spring
1992-06-05,184,18.65244857,spring
1992-06-06,182,NA,spring
1992-06-07,189,NA,spring
1992-06-08,191,NA,spring
1992-06-09,194,NA,spring
1992-06-10,152,NA,spring
1992-06-11,165,20.804194789,spring
1992-06-12,192,NA,spring
1992-06-13,205,NA,spring
1992-06-14,173,NA,spring
1992-06-15,174,NA,spring
1992-06-16,164,NA,spring
1992-06-17,176,29.784852670899998,spring
1992-06-18,189,NA,spring
1992-06-19,159,NA,spring
1992-06-20,196,NA,spring
1992-06-21,190,NA,spring
1992-06-22,167,NA,spring
1992-06-23,190,24.276371003,spring
1992-06-24,166,NA,spring
1992-06-25,197,NA,spring
1992-06-26,173,NA,spring
1992-06-27,172,NA,spring
1992-06-28,178,NA,spring
1992-06-29,174,40.427592694,spring
1992-06-30,184,NA,spring
1992-07-01,190,NA,summer
1992-07-02,180,NA,summer
1992-07-03,157,NA,summer
1992-07-04,184,NA,summer
1992-07-05,182,40.165683931,summer
1992-07-06,165,NA,summer
1992-07-07,188,NA,summer
1992-07-08,158,NA,summer
1992-07-09,185,NA,summer
1992-07-10,163,NA,summer
1992-07-11,184,29.0652913291,summer
1992-07-12,200,NA,summer
1992-07-13,197,NA,summer
1992-07-14,187,NA,summer
1992-07-15,185,NA,summer
1992-07-16,168,NA,summer
1992-07-17,161,21.110470739,summer
1992-07-18,178,NA,summer
1992-07-19,184,NA,summer
1992-07-20,170,NA,summer
1992-07-21,182,NA,summer
1992-07-22,175,NA,summer
1992-07-23,160,21.108251349,summer
1992-07-24,151,NA,summer
1992-07-25,185,NA,summer
1992-07-26,192,NA,summer
1992-07-27,189,NA,summer
1992-07-28,180,NA,summer
1992-07-29,177,33.2471005388,summer
1992-07-30,181,NA,summer
1992-07-31,174,NA,summer
1992-08-01,156,NA,summer
1992-08-02,170,NA,summer
1992-08-03,167,NA,summer
1992-08-04,179,28.7333432656,summer
1992-08-05,208,NA,summer
1992-08-06,172,NA,summer
1992-08-07,180,NA,summer
1992-08-08,169,NA,summer
1992-08-09,170,NA,summer
1992-08-10,201,35.591996237000004,summer
1992-08-11,174,NA,summer
1992-08-12,188,NA,summer
1992-08-13,159,NA,summer
1992-08-14,185,NA,summer
1992-08-15,162,NA,summer
1992-08-16,153,11.113863848,summer
1992-08-17,191,NA,summer
1992-08-18,171,NA,summer
1992-08-19,174,NA,summer
1992-08-20,155,NA,summer
1992-08-21,176,NA,summer
1992-08-22,171,26.6436089357,summer
1992-08-23,197,NA,summer
1992-08-24,191,NA,summer
1992-08-25,189,NA,summer
1992-08-26,197,NA,summer
1992-08-27,167,NA,summer
1992-08-28,181,54.232749373,summer
1992-08-29,180,NA,summer
1992-08-30,171,NA,summer
1992-08-31,189,NA,summer
1992-09-01,156,NA,summer
1992-09-02,188,NA,summer
1992-09-03,182,33.5428125423,summer
1992-09-04,211,NA,summer
1992-09-05,174,NA,summer
1992-09-06,176,NA,summer
1992-09-07,175,NA,summer
1992-09-08,187,NA,summer
1992-09-09,205,31.646275458399998,summer
1992-09-10,202,NA,summer
1992-09-11,168,NA,summer
1992-09-12,164,NA,summer
1992-09-13,154,NA,summer
1992-09-14,172,NA,summer
1992-09-15,155,26.558078733800002,summer
1992-09-16,187,NA,summer
1992-09-17,179,NA,summer
1992-09-18,183,NA,summer
1992-09-19,175,NA,summer
1992-09-20,158,NA,summer
1992-09-21,168,21.264944305,summer
1992-09-22,182,NA,summer
1992-09-23,205,NA,summer
1992-09-24,159,NA,summer
1992-09-25,178,NA,summer
1992-09-26,190,NA,summer
1992-09-27,185,22.434798192000002,summer
1992-09-28,180,NA,summer
1992-09-29,184,NA,summer
1992-09-30,195,NA,summer
1992-10-01,198,NA,fall
1992-10-02,191,NA,fall
1992-10-03,182,44.475960046,fall
1992-10-04,192,NA,fall
1992-10-05,216,NA,fall
1992-10-06,193,NA,fall
1992-10-07,207,NA,fall
1992-10-08,201,NA,fall
1992-10-09,191,21.8754366,fall
1992-10-10,191,NA,fall
1992-10-11,186,NA,fall
1992-10-12,180,NA,fall
1992-10-13,162,NA,fall
1992-10-14,188,NA,fall
1992-10-15,159,52.32382508,fall
1992-10-16,221,NA,fall
1992-10-17,200,NA,fall
1992-10-18,172,NA,fall
1992-10-19,169,NA,fall
1992-10-20,179,NA,fall
1992-10-21,199,28.0403978697,fall
1992-10-22,187,NA,fall
1992-10-23,211,NA,fall
1992-10-24,207,NA,fall
1992-10-25,219,NA,fall
1992-10-26,192,NA,fall
1992-10-27,200,22.578637939,fall
1992-10-28,167,NA,fall
1992-10-29,179,NA,fall
1992-10-30,189,NA,fall
1992-10-31,166,NA,fall
1992-11-01,193,NA,fall
1992-11-02,195,19.673512775,fall
1992-11-03,187,NA,fall
1992-11-04,221,NA,fall
1992-11-05,183,NA,fall
1992-11-06,193,NA,fall
1992-11-07,154,NA,fall
1992-11-08,183,16.249987497,fall
1992-11-09,167,NA,fall
1992-11-10,196,NA,fall
1992-11-11,177,NA,fall
1992-11-12,198,NA,fall
1992-11-13,186,NA,fall
1992-11-14,198,16.555016367,fall
1992-11-15,179,NA,fall
1992-11-16,205,NA,fall
1992-11-17,188,NA,fall
1992-11-18,201,NA,fall
1992-11-19,183,NA,fall
1992-11-20,201,29.0581005589,fall
1992-11-21,190,NA,fall
1992-11-22,202,NA,fall
1992-11-23,224,NA,fall
1992-11-24,188,NA,fall
1992-11-25,205,NA,fall
1992-11-26,182,18.990896512,fall
1992-11-27,190,NA,fall
1992-11-28,182,NA,fall
1992-11-29,189,NA,fall
1992-11-30,176,NA,fall
1992-12-01,196,NA,fall
1992-12-02,197,38.512428389,fall
1992-12-03,224,NA,fall
1992-12-04,197,NA,fall
1992-12-05,197,NA,fall
1992-12-06,205,NA,fall
1992-12-07,206,NA,fall
1992-12-08,223,17.635414249,fall
1992-12-09,239,NA,fall
1992-12-10,216,NA,fall
1992-12-11,195,NA,fall
1992-12-12,199,NA,fall
1992-12-13,194,NA,fall
1992-12-14,231,29.3115403041,fall
1992-12-15,234,NA,fall
1992-12-16,200,NA,fall
1992-12-17,236,NA,fall
1992-12-18,171,NA,fall
1992-12-19,196,NA,fall
1992-12-20,194,22.77083363,fall
1992-12-21,208,NA,fall
1992-12-22,232,NA,fall
1992-12-23,196,NA,fall
1992-12-24,217,NA,fall
1992-12-25,190,NA,fall
1992-12-26,218,19.273254566,fall
1992-12-27,214,NA,fall
1992-12-28,218,NA,fall
1992-12-29,230,NA,fall
1992-12-30,207,NA,fall
1992-12-31,204,NA,fall
1993-01-01,200,11.031012208,winter
1993-01-02,209,NA,winter
1993-01-03,220,NA,winter
1993-01-04,221,NA,winter
1993-01-05,228,NA,winter
1993-01-06,210,NA,winter
1993-01-07,180,31.1874620156,winter
1993-01-08,224,NA,winter
1993-01-09,173,NA,winter
1993-01-10,203,NA,winter
1993-01-11,211,NA,winter
1993-01-12,217,NA,winter
1993-01-13,191,17.635544476,winter
1993-01-14,212,NA,winter
1993-01-15,206,NA,winter
1993-01-16,194,NA,winter
1993-01-17,227,NA,winter
1993-01-18,194,NA,winter
1993-01-19,203,16.53484284,winter
1993-01-20,212,NA,winter
1993-01-21,216,NA,winter
1993-01-22,231,NA,winter
1993-01-23,209,NA,winter
1993-01-24,204,NA,winter
1993-01-25,241,11.372409708000003,winter
1993-01-26,211,NA,winter
1993-01-27,182,NA,winter
1993-01-28,211,NA,winter
1993-01-29,221,NA,winter
1993-01-30,196,NA,winter
1993-01-31,248,19.94160084,winter
1993-02-01,257,NA,winter
1993-02-02,218,NA,winter
1993-02-03,220,NA,winter
1993-02-04,251,NA,winter
1993-02-05,223,NA,winter
1993-02-06,245,20.100150608,winter
1993-02-07,244,NA,winter
1993-02-08,267,NA,winter
1993-02-09,265,NA,winter
1993-02-10,238,NA,winter
1993-02-11,253,NA,winter
1993-02-12,269,17.010258152,winter
1993-02-13,282,NA,winter
1993-02-14,253,NA,winter
1993-02-15,280,NA,winter
1993-02-16,274,NA,winter
1993-02-17,244,NA,winter
1993-02-18,250,23.077216166,winter
1993-02-19,271,NA,winter
1993-02-20,277,NA,winter
1993-02-21,264,NA,winter
1993-02-22,285,NA,winter
1993-02-23,240,NA,winter
1993-02-24,222,17.083547111,winter
1993-02-25,248,NA,winter
1993-02-26,264,NA,winter
1993-02-27,271,NA,winter
1993-02-28,218,NA,winter
1993-03-01,264,NA,winter
1993-03-02,241,60.913722127,winter
1993-03-03,252,NA,winter
1993-03-04,242,NA,winter
1993-03-05,222,NA,winter
1993-03-06,219,NA,winter
1993-03-07,224,NA,winter
1993-03-08,233,36.612825487,winter
1993-03-09,226,NA,winter
1993-03-10,207,NA,winter
1993-03-11,233,NA,winter
1993-03-12,213,NA,winter
1993-03-13,222,NA,winter
1993-03-14,227,15.671748825000002,winter
1993-03-15,235,NA,winter
1993-03-16,256,NA,winter
1993-03-17,243,NA,winter
1993-03-18,209,NA,winter
1993-03-19,214,NA,winter
1993-03-20,236,30.721296889199998,winter
1993-03-21,226,NA,winter
1993-03-22,200,NA,winter
1993-03-23,224,NA,winter
1993-03-24,201,NA,winter
1993-03-25,177,NA,winter
1993-03-26,195,28.1079474639,winter
1993-03-27,234,NA,winter
1993-03-28,186,NA,winter
1993-03-29,204,NA,winter
1993-03-30,182,NA,winter
1993-03-31,198,NA,winter
1993-04-01,194,20.003580379,spring
1993-04-02,192,NA,spring
1993-04-03,184,NA,spring
1993-04-04,189,NA,spring
1993-04-05,186,NA,spring
1993-04-06,192,NA,spring
1993-04-07,179,22.032806438,spring
1993-04-08,207,NA,spring
1993-04-09,211,NA,spring
1993-04-10,186,NA,spring
1993-04-11,203,NA,spring
1993-04-12,196,NA,spring
1993-04-13,222,17.150861415,spring
1993-04-14,184,NA,spring
1993-04-15,187,NA,spring
1993-04-16,189,NA,spring
1993-04-17,180,NA,spring
1993-04-18,199,NA,spring
1993-04-19,204,30.517838203500002,spring
1993-04-20,220,NA,spring
1993-04-21,189,NA,spring
1993-04-22,192,NA,spring
1993-04-23,221,NA,spring
1993-04-24,219,NA,spring
1993-04-25,198,35.6140777193,spring
1993-04-26,219,NA,spring
1993-04-27,195,NA,spring
1993-04-28,155,NA,spring
1993-04-29,181,NA,spring
1993-04-30,198,NA,spring
1993-05-01,188,34.7009008262,spring
1993-05-02,164,NA,spring
1993-05-03,195,NA,spring
1993-05-04,198,NA,spring
1993-05-05,217,NA,spring
1993-05-06,179,NA,spring
1993-05-07,171,25.412487902000002,spring
1993-05-08,194,NA,spring
1993-05-09,210,NA,spring
1993-05-10,193,NA,spring
1993-05-11,201,NA,spring
1993-05-12,199,NA,spring
1993-05-13,211,30.4171273726,spring
1993-05-14,190,NA,spring
1993-05-15,173,NA,spring
1993-05-16,177,NA,spring
1993-05-17,203,NA,spring
1993-05-18,151,NA,spring
1993-05-19,200,26.913200953,spring
1993-05-20,160,NA,spring
1993-05-21,187,NA,spring
1993-05-22,154,NA,spring
1993-05-23,201,NA,spring
1993-05-24,193,NA,spring
1993-05-25,188,48.820449725,spring
1993-05-26,190,NA,spring
1993-05-27,185,NA,spring
1993-05-28,177,NA,spring
1993-05-29,192,NA,spring
1993-05-30,179,NA,spring
1993-05-31,172,23.850646827,spring
1993-06-01,209,NA,spring
1993-06-02,184,NA,spring
1993-06-03,162,NA,spring
1993-06-04,186,NA,spring
1993-06-05,183,NA,spring
1993-06-06,182,17.611244010999997,spring
1993-06-07,193,NA,spring
1993-06-08,202,NA,spring
1993-06-09,184,NA,spring
1993-06-10,181,NA,spring
1993-06-11,176,NA,spring
1993-06-12,201,19.830471877999997,spring
1993-06-13,170,NA,spring
1993-06-14,170,NA,spring
1993-06-15,199,NA,spring
1993-06-16,166,NA,spring
1993-06-17,207,NA,spring
1993-06-18,202,59.807726509,spring
1993-06-19,210,NA,spring
1993-06-20,174,NA,spring
1993-06-21,194,NA,spring
1993-06-22,193,NA,spring
1993-06-23,170,NA,spring
1993-06-24,173,25.419557707,spring
1993-06-25,200,NA,spring
1993-06-26,208,NA,spring
1993-06-27,200,NA,spring
1993-06-28,181,NA,spring
1993-06-29,176,NA,spring
1993-06-30,169,33.5632998162,spring
1993-07-01,187,NA,summer
1993-07-02,183,NA,summer
1993-07-03,164,NA,summer
1993-07-04,168,NA,summer
1993-07-05,173,NA,summer
1993-07-06,182,42.942841432,summer
1993-07-07,190,NA,summer
1993-07-08,191,NA,summer
1993-07-09,219,NA,summer
1993-07-10,289,NA,summer
1993-07-11,280,NA,summer
1993-07-12,308,40.694447751,summer
1993-07-13,260,NA,summer
1993-07-14,209,NA,summer
1993-07-15,232,NA,summer
1993-07-16,193,NA,summer
1993-07-17,188,NA,summer
1993-07-18,178,20.452328073,summer
1993-07-19,194,NA,summer
1993-07-20,170,NA,summer
1993-07-21,170,NA,summer
1993-07-22,176,NA,summer
1993-07-23,182,NA,summer
1993-07-24,198,26.242153052,summer
1993-07-25,166,NA,summer
1993-07-26,163,NA,summer
1993-07-27,170,NA,summer
1993-07-28,179,NA,summer
1993-07-29,165,NA,summer
1993-07-30,199,30.3804952954,summer
1993-07-31,183,NA,summer
1993-08-01,187,NA,summer
1993-08-02,175,NA,summer
1993-08-03,171,NA,summer
1993-08-04,185,NA,summer
1993-08-05,165,23.836319147,summer
1993-08-06,167,NA,summer
1993-08-07,159,NA,summer
1993-08-08,167,NA,summer
1993-08-09,169,NA,summer
1993-08-10,147,NA,summer
1993-08-11,174,24.067869328,summer
1993-08-12,164,NA,summer
1993-08-13,168,NA,summer
1993-08-14,197,NA,summer
1993-08-15,174,NA,summer
1993-08-16,182,NA,summer
1993-08-17,177,26.483502091,summer
1993-08-18,174,NA,summer
1993-08-19,148,NA,summer
1993-08-20,180,NA,summer
1993-08-21,177,NA,summer
1993-08-22,161,NA,summer
1993-08-23,177,29.198277288499998,summer
1993-08-24,161,NA,summer
1993-08-25,164,NA,summer
1993-08-26,175,NA,summer
1993-08-27,201,NA,summer
1993-08-28,190,NA,summer
1993-08-29,173,22.916404403,summer
1993-08-30,180,NA,summer
1993-08-31,181,NA,summer
1993-09-01,161,NA,summer
1993-09-02,171,NA,summer
1993-09-03,194,NA,summer
1993-09-04,180,18.721666178,summer
1993-09-05,159,NA,summer
1993-09-06,173,NA,summer
1993-09-07,181,NA,summer
1993-09-08,176,NA,summer
1993-09-09,184,NA,summer
1993-09-10,173,29.456009493,summer
1993-09-11,170,NA,summer
1993-09-12,174,NA,summer
1993-09-13,183,NA,summer
1993-09-14,180,NA,summer
1993-09-15,193,NA,summer
1993-09-16,178,15.308504860000001,summer
1993-09-17,174,NA,summer
1993-09-18,189,NA,summer
1993-09-19,190,NA,summer
1993-09-20,167,NA,summer
1993-09-21,174,NA,summer
1993-09-22,181,22.434053444,summer
1993-09-23,216,NA,summer
1993-09-24,209,NA,summer
1993-09-25,175,NA,summer
1993-09-26,188,NA,summer
1993-09-27,161,NA,summer
1993-09-28,176,21.76673553,summer
1993-09-29,207,NA,summer
1993-09-30,187,NA,summer
1993-10-01,186,NA,fall
1993-10-02,213,NA,fall
1993-10-03,193,NA,fall
1993-10-04,215,22.799868333,fall
1993-10-05,195,NA,fall
1993-10-06,184,NA,fall
1993-10-07,203,NA,fall
1993-10-08,198,NA,fall
1993-10-09,206,NA,fall
1993-10-10,190,10.883319509000001,fall
1993-10-11,191,NA,fall
1993-10-12,204,NA,fall
1993-10-13,186,NA,fall
1993-10-14,181,NA,fall
1993-10-15,195,NA,fall
1993-10-16,188,42.39142245,fall
1993-10-17,202,NA,fall
1993-10-18,201,NA,fall
1993-10-19,178,NA,fall
1993-10-20,173,NA,fall
1993-10-21,196,NA,fall
1993-10-22,180,17.021394570000002,fall
1993-10-23,195,NA,fall
1993-10-24,188,NA,fall
1993-10-25,193,NA,fall
1993-10-26,197,NA,fall
1993-10-27,183,NA,fall
1993-10-28,194,19.548688315,fall
1993-10-29,179,NA,fall
1993-10-30,196,NA,fall
1993-10-31,167,NA,fall
1993-11-01,206,NA,fall
1993-11-02,184,NA,fall
1993-11-03,183,28.467684873400003,fall
1993-11-04,223,NA,fall
1993-11-05,212,NA,fall
1993-11-06,193,NA,fall
1993-11-07,180,NA,fall
1993-11-08,191,NA,fall
1993-11-09,219,41.973516954,fall
1993-11-10,206,NA,fall
1993-11-11,178,NA,fall
1993-11-12,203,NA,fall
1993-11-13,165,NA,fall
1993-11-14,177,NA,fall
1993-11-15,189,20.778154823,fall
1993-11-16,194,NA,fall
1993-11-17,176,NA,fall
1993-11-18,174,NA,fall
1993-11-19,190,NA,fall
1993-11-20,174,NA,fall
1993-11-21,181,16.236938096,fall
1993-11-22,184,NA,fall
1993-11-23,204,NA,fall
1993-11-24,193,NA,fall
1993-11-25,174,NA,fall
1993-11-26,191,NA,fall
1993-11-27,188,23.506201323,fall
1993-11-28,216,NA,fall
1993-11-29,190,NA,fall
1993-11-30,184,NA,fall
1993-12-01,202,NA,fall
1993-12-02,216,NA,fall
1993-12-03,228,25.549514964500002,fall
1993-12-04,177,NA,fall
1993-12-05,208,NA,fall
1993-12-06,164,NA,fall
1993-12-07,218,NA,fall
1993-12-08,199,NA,fall
1993-12-09,201,33.2627874122,fall
1993-12-10,220,NA,fall
1993-12-11,194,NA,fall
1993-12-12,199,NA,fall
1993-12-13,215,NA,fall
1993-12-14,231,NA,fall
1993-12-15,213,21.486172199000002,fall
1993-12-16,188,NA,fall
1993-12-17,219,NA,fall
1993-12-18,196,NA,fall
1993-12-19,183,NA,fall
1993-12-20,183,NA,fall
1993-12-21,205,16.104674404,fall
1993-12-22,203,NA,fall
1993-12-23,208,NA,fall
1993-12-24,208,NA,fall
1993-12-25,193,NA,fall
1993-12-26,193,NA,fall
1993-12-27,201,18.584679668,fall
1993-12-28,230,NA,fall
1993-12-29,219,NA,fall
1993-12-30,243,NA,fall
1993-12-31,222,NA,fall
1994-01-01,232,NA,winter
1994-01-02,211,21.769532255999998,winter
1994-01-03,230,NA,winter
1994-01-04,224,NA,winter
1994-01-05,229,NA,winter
1994-01-06,199,NA,winter
1994-01-07,206,NA,winter
1994-01-08,224,19.172069214,winter
1994-01-09,201,NA,winter
1994-01-10,203,NA,winter
1994-01-11,215,NA,winter
1994-01-12,219,NA,winter
1994-01-13,199,NA,winter
1994-01-14,253,49.949774116,winter
1994-01-15,200,NA,winter
1994-01-16,196,NA,winter
1994-01-17,194,NA,winter
1994-01-18,229,NA,winter
1994-01-19,233,NA,winter
1994-01-20,191,33.030883037,winter
1994-01-21,213,NA,winter
1994-01-22,226,NA,winter
1994-01-23,207,NA,winter
1994-01-24,217,NA,winter
1994-01-25,241,NA,winter
1994-01-26,225,21.164374958000003,winter
1994-01-27,222,NA,winter
1994-01-28,225,NA,winter
1994-01-29,201,NA,winter
1994-01-30,202,NA,winter
1994-01-31,198,NA,winter
1994-02-01,184,37.5876051045,winter
1994-02-02,201,NA,winter
1994-02-03,173,NA,winter
1994-02-04,202,NA,winter
1994-02-05,232,NA,winter
1994-02-06,192,NA,winter
1994-02-07,199,29.1749621313,winter
1994-02-08,210,NA,winter
1994-02-09,211,NA,winter
1994-02-10,219,NA,winter
1994-02-11,214,NA,winter
1994-02-12,199,NA,winter
1994-02-13,208,23.910551384,winter
1994-02-14,223,NA,winter
1994-02-15,186,NA,winter
1994-02-16,234,NA,winter
1994-02-17,183,NA,winter
1994-02-18,182,NA,winter
1994-02-19,197,64.25261322200001,winter
1994-02-20,188,NA,winter
1994-02-21,206,NA,winter
1994-02-22,195,NA,winter
1994-02-23,178,NA,winter
1994-02-24,170,NA,winter
1994-02-25,200,18.46384535,winter
1994-02-26,187,NA,winter
1994-02-27,189,NA,winter
1994-02-28,226,NA,winter
1994-03-01,236,NA,winter
1994-03-02,204,NA,winter
1994-03-03,218,14.611887863999998,winter
1994-03-04,192,NA,winter
1994-03-05,190,NA,winter
1994-03-06,158,NA,winter
1994-03-07,194,NA,winter
1994-03-08,203,NA,winter
1994-03-09,173,18.485799274,winter
1994-03-10,184,NA,winter
1994-03-11,182,NA,winter
1994-03-12,189,NA,winter
1994-03-13,210,NA,winter
1994-03-14,201,NA,winter
1994-03-15,204,37.991290594999995,winter
1994-03-16,201,NA,winter
1994-03-17,197,NA,winter
1994-03-18,208,NA,winter
1994-03-19,236,NA,winter
1994-03-20,164,NA,winter
1994-03-21,193,17.280657893,winter
1994-03-22,189,NA,winter
1994-03-23,189,NA,winter
1994-03-24,167,NA,winter
1994-03-25,168,NA,winter
1994-03-26,214,NA,winter
1994-03-27,200,18.454044311,winter
1994-03-28,178,NA,winter
1994-03-29,190,NA,winter
1994-03-30,198,NA,winter
1994-03-31,191,NA,winter
1994-04-01,189,NA,spring
1994-04-02,190,28.230625151199998,spring
1994-04-03,188,NA,spring
1994-04-04,179,NA,spring
1994-04-05,201,NA,spring
1994-04-06,194,NA,spring
1994-04-07,196,NA,spring
1994-04-08,189,17.03970281,spring
1994-04-09,198,NA,spring
1994-04-10,193,NA,spring
1994-04-11,182,NA,spring
1994-04-12,168,NA,spring
1994-04-13,203,NA,spring
1994-04-14,179,28.6915685704,spring
1994-04-15,197,NA,spring
1994-04-16,215,NA,spring
1994-04-17,188,NA,spring
1994-04-18,208,NA,spring
1994-04-19,203,NA,spring
1994-04-20,199,18.092550829000004,spring
1994-04-21,182,NA,spring
1994-04-22,177,NA,spring
1994-04-23,180,NA,spring
1994-04-24,206,NA,spring
1994-04-25,211,NA,spring
1994-04-26,183,26.216711876,spring
1994-04-27,194,NA,spring
1994-04-28,180,NA,spring
1994-04-29,170,NA,spring
1994-04-30,201,NA,spring
1994-05-01,168,NA,spring
1994-05-02,191,16.639815887999998,spring
1994-05-03,189,NA,spring
1994-05-04,195,NA,spring
1994-05-05,195,NA,spring
1994-05-06,198,NA,spring
1994-05-07,173,NA,spring
1994-05-08,194,17.296120496,spring
1994-05-09,177,NA,spring
1994-05-10,197,NA,spring
1994-05-11,159,NA,spring
1994-05-12,175,NA,spring
1994-05-13,173,NA,spring
1994-05-14,209,18.235472686999998,spring
1994-05-15,189,NA,spring
1994-05-16,237,NA,spring
1994-05-17,164,NA,spring
1994-05-18,185,NA,spring
1994-05-19,183,NA,spring
1994-05-20,192,19.840721318,spring
1994-05-21,188,NA,spring
1994-05-22,192,NA,spring
1994-05-23,205,NA,spring
1994-05-24,202,NA,spring
1994-05-25,201,NA,spring
1994-05-26,180,34.145555258,spring
1994-05-27,187,NA,spring
1994-05-28,177,NA,spring
1994-05-29,208,NA,spring
1994-05-30,197,NA,spring
1994-05-31,190,NA,spring
1994-06-01,181,27.708930371799998,spring
1994-06-02,150,NA,spring
1994-06-03,190,NA,spring
1994-06-04,210,NA,spring
1994-06-05,189,NA,spring
1994-06-06,184,NA,spring
1994-06-07,180,34.498022153099996,spring
1994-06-08,192,NA,spring
1994-06-09,164,NA,spring
1994-06-10,190,NA,spring
1994-06-11,147,NA,spring
1994-06-12,187,NA,spring
1994-06-13,172,32.1040408841,spring
1994-06-14,191,NA,spring
1994-06-15,174,NA,spring
1994-06-16,175,NA,spring
1994-06-17,175,NA,spring
1994-06-18,191,NA,spring
1994-06-19,179,42.470591355,spring
1994-06-20,194,NA,spring
1994-06-21,198,NA,spring
1994-06-22,170,NA,spring
1994-06-23,181,NA,spring
1994-06-24,185,NA,spring
1994-06-25,170,34.4851554805,spring
1994-06-26,164,NA,spring
1994-06-27,200,NA,spring
1994-06-28,174,NA,spring
1994-06-29,163,NA,spring
1994-06-30,197,NA,spring
1994-07-01,171,37.2871454501,summer
1994-07-02,190,NA,summer
1994-07-03,165,NA,summer
1994-07-04,202,NA,summer
1994-07-05,181,NA,summer
1994-07-06,207,NA,summer
1994-07-07,181,38.2701650956,summer
1994-07-08,218,NA,summer
1994-07-09,202,NA,summer
1994-07-10,192,NA,summer
1994-07-11,190,NA,summer
1994-07-12,180,NA,summer
1994-07-13,203,69.473303036,summer
1994-07-14,198,NA,summer
1994-07-15,186,NA,summer
1994-07-16,156,NA,summer
1994-07-17,177,NA,summer
1994-07-18,186,NA,summer
1994-07-19,166,42.937706493,summer
1994-07-20,189,NA,summer
1994-07-21,182,NA,summer
1994-07-22,189,NA,summer
1994-07-23,190,NA,summer
1994-07-24,178,NA,summer
1994-07-25,154,46.286495722,summer
1994-07-26,180,NA,summer
1994-07-27,180,NA,summer
1994-07-28,190,NA,summer
1994-07-29,162,NA,summer
1994-07-30,169,NA,summer
1994-07-31,160,46.338679967000004,summer
1994-08-01,174,NA,summer
1994-08-02,204,NA,summer
1994-08-03,176,NA,summer
1994-08-04,192,NA,summer
1994-08-05,149,NA,summer
1994-08-06,170,15.550218153000001,summer
1994-08-07,167,NA,summer
1994-08-08,193,NA,summer
1994-08-09,180,NA,summer
1994-08-10,176,NA,summer
1994-08-11,188,NA,summer
1994-08-12,212,39.980952583000004,summer
1994-08-13,180,NA,summer
1994-08-14,164,NA,summer
1994-08-15,178,NA,summer
1994-08-16,174,NA,summer
1994-08-17,172,NA,summer
1994-08-18,175,23.402926526999998,summer
1994-08-19,179,NA,summer
1994-08-20,165,NA,summer
1994-08-21,154,NA,summer
1994-08-22,189,NA,summer
1994-08-23,179,NA,summer
1994-08-24,172,24.701679317,summer
1994-08-25,183,NA,summer
1994-08-26,196,NA,summer
1994-08-27,171,NA,summer
1994-08-28,204,NA,summer
1994-08-29,197,NA,summer
1994-08-30,150,18.479694154,summer
1994-08-31,177,NA,summer
1994-09-01,172,NA,summer
1994-09-02,183,NA,summer
1994-09-03,171,NA,summer
1994-09-04,198,NA,summer
1994-09-05,178,17.559366217,summer
1994-09-06,169,NA,summer
1994-09-07,173,NA,summer
1994-09-08,168,NA,summer
1994-09-09,193,NA,summer
1994-09-10,214,NA,summer
1994-09-11,188,12.480666676999999,summer
1994-09-12,186,NA,summer
1994-09-13,200,NA,summer
1994-09-14,196,NA,summer
1994-09-15,178,NA,summer
1994-09-16,200,NA,summer
1994-09-17,178,62.346134431,summer
1994-09-18,180,NA,summer
1994-09-19,189,NA,summer
1994-09-20,141,NA,summer
1994-09-21,204,NA,summer
1994-09-22,161,NA,summer
1994-09-23,185,19.672230017,summer
1994-09-24,167,NA,summer
1994-09-25,176,NA,summer
1994-09-26,157,NA,summer
1994-09-27,158,NA,summer
1994-09-28,190,NA,summer
1994-09-29,185,18.826070436,summer
1994-09-30,192,NA,summer
1994-10-01,184,NA,fall
1994-10-02,158,NA,fall
1994-10-03,204,NA,fall
1994-10-04,207,NA,fall
1994-10-05,189,16.376936347,fall
1994-10-06,206,NA,fall
1994-10-07,204,NA,fall
1994-10-08,191,NA,fall
1994-10-09,209,NA,fall
1994-10-10,188,NA,fall
1994-10-11,195,16.872575478,fall
1994-10-12,182,NA,fall
1994-10-13,204,NA,fall
1994-10-14,201,NA,fall
1994-10-15,184,NA,fall
1994-10-16,188,NA,fall
1994-10-17,183,22.553835458000002,fall
1994-10-18,217,NA,fall
1994-10-19,221,NA,fall
1994-10-20,196,NA,fall
1994-10-21,188,NA,fall
1994-10-22,192,NA,fall
1994-10-23,178,28.6592432271,fall
1994-10-24,194,NA,fall
1994-10-25,183,NA,fall
1994-10-26,186,NA,fall
1994-10-27,201,NA,fall
1994-10-28,173,NA,fall
1994-10-29,224,26.804550294000002,fall
1994-10-30,212,NA,fall
1994-10-31,211,NA,fall
1994-11-01,192,NA,fall
1994-11-02,186,NA,fall
1994-11-03,163,NA,fall
1994-11-04,188,35.8063745366,fall
1994-11-05,170,NA,fall
1994-11-06,185,NA,fall
1994-11-07,184,NA,fall
1994-11-08,210,NA,fall
1994-11-09,196,NA,fall
1994-11-10,180,14.368452484999999,fall
1994-11-11,179,NA,fall
1994-11-12,180,NA,fall
1994-11-13,198,NA,fall
1994-11-14,190,NA,fall
1994-11-15,232,NA,fall
1994-11-16,175,17.742764418,fall
1994-11-17,205,NA,fall
1994-11-18,185,NA,fall
1994-11-19,204,NA,fall
1994-11-20,177,NA,fall
1994-11-21,200,NA,fall
1994-11-22,202,17.104320919,fall
1994-11-23,170,NA,fall
1994-11-24,191,NA,fall
1994-11-25,195,NA,fall
1994-11-26,202,NA,fall
1994-11-27,178,NA,fall
1994-11-28,208,20.148083994,fall
1994-11-29,183,NA,fall
1994-11-30,194,NA,fall
1994-12-01,185,NA,fall
1994-12-02,204,NA,fall
1994-12-03,217,NA,fall
1994-12-04,189,49.552892589,fall
1994-12-05,223,NA,fall
1994-12-06,222,NA,fall
1994-12-07,202,NA,fall
1994-12-08,211,NA,fall
1994-12-09,202,NA,fall
1994-12-10,202,17.454446429,fall
1994-12-11,216,NA,fall
1994-12-12,204,NA,fall
1994-12-13,211,NA,fall
1994-12-14,206,NA,fall
1994-12-15,216,NA,fall
1994-12-16,215,26.861381538,fall
1994-12-17,249,NA,fall
1994-12-18,220,NA,fall
1994-12-19,216,NA,fall
1994-12-20,221,NA,fall
1994-12-21,240,NA,fall
1994-12-22,231,78.95260514,fall
1994-12-23,236,NA,fall
1994-12-24,245,NA,fall
1994-12-25,232,NA,fall
1994-12-26,256,NA,fall
1994-12-27,243,NA,fall
1994-12-28,244,33.3221182354,fall
1994-12-29,236,NA,fall
1994-12-30,265,NA,fall
1994-12-31,227,NA,fall
1995-01-01,295,NA,winter
1995-01-02,260,NA,winter
1995-01-03,246,19.650501991,winter
1995-01-04,236,NA,winter
1995-01-05,258,NA,winter
1995-01-06,237,NA,winter
1995-01-07,258,NA,winter
1995-01-08,231,NA,winter
1995-01-09,248,28.521145501,winter
1995-01-10,240,NA,winter
1995-01-11,242,NA,winter
1995-01-12,237,NA,winter
1995-01-13,234,NA,winter
1995-01-14,233,NA,winter
1995-01-15,243,18.951679397999996,winter
1995-01-16,250,NA,winter
1995-01-17,212,NA,winter
1995-01-18,227,NA,winter
1995-01-19,233,NA,winter
1995-01-20,218,NA,winter
1995-01-21,210,12.530874906999998,winter
1995-01-22,205,NA,winter
1995-01-23,203,NA,winter
1995-01-24,239,NA,winter
1995-01-25,199,NA,winter
1995-01-26,224,NA,winter
1995-01-27,232,18.161569064,winter
1995-01-28,223,NA,winter
1995-01-29,207,NA,winter
1995-01-30,221,NA,winter
1995-01-31,213,NA,winter
1995-02-01,197,NA,winter
1995-02-02,206,18.986944426,winter
1995-02-03,206,NA,winter
1995-02-04,214,NA,winter
1995-02-05,226,NA,winter
1995-02-06,209,NA,winter
1995-02-07,220,NA,winter
1995-02-08,224,27.975321686,winter
1995-02-09,194,NA,winter
1995-02-10,213,NA,winter
1995-02-11,213,NA,winter
1995-02-12,240,NA,winter
1995-02-13,215,NA,winter
1995-02-14,235,28.4906053142,winter
1995-02-15,204,NA,winter
1995-02-16,203,NA,winter
1995-02-17,197,NA,winter
1995-02-18,228,NA,winter
1995-02-19,224,NA,winter
1995-02-20,186,35.2221513411,winter
1995-02-21,187,NA,winter
1995-02-22,192,NA,winter
1995-02-23,196,NA,winter
1995-02-24,225,NA,winter
1995-02-25,199,NA,winter
1995-02-26,192,16.020626458000002,winter
1995-02-27,223,NA,winter
1995-02-28,206,NA,winter
1995-03-01,199,NA,winter
1995-03-02,212,NA,winter
1995-03-03,212,NA,winter
1995-03-04,183,19.948481558,winter
1995-03-05,198,NA,winter
1995-03-06,216,NA,winter
1995-03-07,218,NA,winter
1995-03-08,214,NA,winter
1995-03-09,186,NA,winter
1995-03-10,192,14.343795923000002,winter
1995-03-11,186,NA,winter
1995-03-12,204,NA,winter
1995-03-13,228,NA,winter
1995-03-14,207,NA,winter
1995-03-15,191,NA,winter
1995-03-16,200,36.4683822725,winter
1995-03-17,204,NA,winter
1995-03-18,174,NA,winter
1995-03-19,175,NA,winter
1995-03-20,181,NA,winter
1995-03-21,216,NA,winter
1995-03-22,166,18.645163292,winter
1995-03-23,196,NA,winter
1995-03-24,179,NA,winter
1995-03-25,181,NA,winter
1995-03-26,192,NA,winter
1995-03-27,204,NA,winter
1995-03-28,176,19.59142601,winter
1995-03-29,180,NA,winter
1995-03-30,192,NA,winter
1995-03-31,222,NA,winter
1995-04-01,183,NA,spring
1995-04-02,155,NA,spring
1995-04-03,190,26.740557062,spring
1995-04-04,166,NA,spring
1995-04-05,202,NA,spring
1995-04-06,168,NA,spring
1995-04-07,217,NA,spring
1995-04-08,205,NA,spring
1995-04-09,182,38.197898242,spring
1995-04-10,195,NA,spring
1995-04-11,199,NA,spring
1995-04-12,208,NA,spring
1995-04-13,208,NA,spring
1995-04-14,188,NA,spring
1995-04-15,197,14.046039065999999,spring
1995-04-16,178,NA,spring
1995-04-17,207,NA,spring
1995-04-18,207,NA,spring
1995-04-19,192,NA,spring
1995-04-20,205,NA,spring
1995-04-21,185,26.069904881,spring
1995-04-22,205,NA,spring
1995-04-23,155,NA,spring
1995-04-24,180,NA,spring
1995-04-25,193,NA,spring
1995-04-26,167,NA,spring
1995-04-27,233,31.3636610734,spring
1995-04-28,210,NA,spring
1995-04-29,185,NA,spring
1995-04-30,158,NA,spring
1995-05-01,177,NA,spring
1995-05-02,170,NA,spring
1995-05-03,191,21.719352102000002,spring
1995-05-04,199,NA,spring
1995-05-05,182,NA,spring
1995-05-06,174,NA,spring
1995-05-07,168,NA,spring
1995-05-08,195,NA,spring
1995-05-09,215,23.816311276,spring
1995-05-10,168,NA,spring
1995-05-11,190,NA,spring
1995-05-12,182,NA,spring
1995-05-13,178,NA,spring
1995-05-14,187,NA,spring
1995-05-15,184,23.107691953,spring
1995-05-16,191,NA,spring
1995-05-17,175,NA,spring
1995-05-18,172,NA,spring
1995-05-19,171,NA,spring
1995-05-20,177,NA,spring
1995-05-21,180,31.6525061716,spring
1995-05-22,203,NA,spring
1995-05-23,163,NA,spring
1995-05-24,178,NA,spring
1995-05-25,183,NA,spring
1995-05-26,166,NA,spring
1995-05-27,188,23.495676537,spring
1995-05-28,175,NA,spring
1995-05-29,174,NA,spring
1995-05-30,198,NA,spring
1995-05-31,196,NA,spring
1995-06-01,178,NA,spring
1995-06-02,184,28.6875065937,spring
1995-06-03,179,NA,spring
1995-06-04,157,NA,spring
1995-06-05,197,NA,spring
1995-06-06,175,NA,spring
1995-06-07,199,NA,spring
1995-06-08,198,40.697720769,spring
1995-06-09,198,NA,spring
1995-06-10,179,NA,spring
1995-06-11,187,NA,spring
1995-06-12,176,NA,spring
1995-06-13,148,NA,spring
1995-06-14,188,28.1320009561,spring
1995-06-15,166,NA,spring
1995-06-16,179,NA,spring
1995-06-17,170,NA,spring
1995-06-18,201,NA,spring
1995-06-19,195,NA,spring
1995-06-20,193,69.303285853,spring
1995-06-21,178,60.567514125,spring
1995-06-22,163,NA,spring
1995-06-23,170,NA,spring
1995-06-24,174,NA,spring
1995-06-25,166,NA,spring
1995-06-26,172,31.7854647466,spring
1995-06-27,167,NA,spring
1995-06-28,159,NA,spring
1995-06-29,177,NA,spring
1995-06-30,188,NA,spring
1995-07-01,169,NA,summer
1995-07-02,187,21.541944465,summer
1995-07-03,183,NA,summer
1995-07-04,172,NA,summer
1995-07-05,190,NA,summer
1995-07-06,196,NA,summer
1995-07-07,175,NA,summer
1995-07-08,175,30.869680648000003,summer
1995-07-09,180,NA,summer
1995-07-10,175,NA,summer
1995-07-11,181,NA,summer
1995-07-12,189,NA,summer
1995-07-13,173,NA,summer
1995-07-14,202,69.008069097,summer
1995-07-15,229,NA,summer
1995-07-16,229,NA,summer
1995-07-17,196,NA,summer
1995-07-18,195,NA,summer
1995-07-19,204,NA,summer
1995-07-20,182,40.264839722000005,summer
1995-07-21,180,NA,summer
1995-07-22,177,NA,summer
1995-07-23,174,NA,summer
1995-07-24,185,NA,summer
1995-07-25,188,NA,summer
1995-07-26,188,41.846928742,summer
1995-07-27,173,NA,summer
1995-07-28,186,NA,summer
1995-07-29,187,NA,summer
1995-07-30,186,NA,summer
1995-07-31,207,NA,summer
1995-08-01,187,44.631455871,summer
1995-08-02,199,NA,summer
1995-08-03,180,NA,summer
1995-08-04,196,NA,summer
1995-08-05,206,NA,summer
1995-08-06,159,NA,summer
1995-08-07,165,16.824347873,summer
1995-08-08,201,NA,summer
1995-08-09,210,NA,summer
1995-08-10,182,NA,summer
1995-08-11,202,NA,summer
1995-08-12,184,NA,summer
1995-08-13,181,20.837129147,summer
1995-08-14,204,NA,summer
1995-08-15,180,NA,summer
1995-08-16,172,NA,summer
1995-08-17,176,NA,summer
1995-08-18,178,NA,summer
1995-08-19,137,19.662045472,summer
1995-08-20,171,NA,summer
1995-08-21,171,NA,summer
1995-08-22,168,NA,summer
1995-08-23,201,NA,summer
1995-08-24,169,NA,summer
1995-08-25,210,15.504087386999998,summer
1995-08-26,166,NA,summer
1995-08-27,188,NA,summer
1995-08-28,201,NA,summer
1995-08-29,166,NA,summer
1995-08-30,191,NA,summer
1995-08-31,166,36.807397239,summer
1995-09-01,176,NA,summer
1995-09-02,167,NA,summer
1995-09-03,166,NA,summer
1995-09-04,167,NA,summer
1995-09-05,158,NA,summer
1995-09-06,172,33.0193186492,summer
1995-09-07,179,NA,summer
1995-09-08,159,NA,summer
1995-09-09,162,NA,summer
1995-09-10,166,NA,summer
1995-09-11,182,NA,summer
1995-09-12,175,20.127206622,summer
1995-09-13,181,NA,summer
1995-09-14,200,NA,summer
1995-09-15,162,NA,summer
1995-09-16,163,NA,summer
1995-09-17,176,NA,summer
1995-09-18,179,16.181956954,summer
1995-09-19,167,NA,summer
1995-09-20,190,NA,summer
1995-09-21,172,NA,summer
1995-09-22,188,NA,summer
1995-09-23,164,NA,summer
1995-09-24,166,12.500750553,summer
1995-09-25,218,NA,summer
1995-09-26,181,NA,summer
1995-09-27,170,NA,summer
1995-09-28,189,NA,summer
1995-09-29,180,NA,summer
1995-09-30,192,17.628941979,summer
1995-10-01,181,NA,fall
1995-10-02,221,NA,fall
1995-10-03,201,NA,fall
1995-10-04,170,NA,fall
1995-10-05,179,NA,fall
1995-10-06,217,20.476740708,fall
1995-10-07,172,NA,fall
1995-10-08,148,NA,fall
1995-10-09,190,NA,fall
1995-10-10,189,NA,fall
1995-10-11,177,NA,fall
1995-10-12,192,41.172987107,fall
1995-10-13,192,NA,fall
1995-10-14,177,NA,fall
1995-10-15,169,NA,fall
1995-10-16,194,NA,fall
1995-10-17,208,NA,fall
1995-10-18,188,23.796757927,fall
1995-10-19,180,NA,fall
1995-10-20,197,NA,fall
1995-10-21,199,NA,fall
1995-10-22,178,NA,fall
1995-10-23,195,NA,fall
1995-10-24,209,23.291385219000002,fall
1995-10-25,181,NA,fall
1995-10-26,174,NA,fall
1995-10-27,202,NA,fall
1995-10-28,210,NA,fall
1995-10-29,173,NA,fall
1995-10-30,195,16.082467919000003,fall
1995-10-31,187,NA,fall
1995-11-01,189,NA,fall
1995-11-02,195,NA,fall
1995-11-03,174,NA,fall
1995-11-04,182,NA,fall
1995-11-05,195,15.879469069999999,fall
1995-11-06,198,NA,fall
1995-11-07,200,NA,fall
1995-11-08,188,NA,fall
1995-11-09,173,NA,fall
1995-11-10,174,NA,fall
1995-11-11,221,17.996363125000002,fall
1995-11-12,175,NA,fall
1995-11-13,188,NA,fall
1995-11-14,198,NA,fall
1995-11-15,175,NA,fall
1995-11-16,207,NA,fall
1995-11-17,237,24.164916656,fall
1995-11-18,185,NA,fall
1995-11-19,220,NA,fall
1995-11-20,192,NA,fall
1995-11-21,208,NA,fall
1995-11-22,214,NA,fall
1995-11-23,174,19.699394944,fall
1995-11-24,194,NA,fall
1995-11-25,198,NA,fall
1995-11-26,183,NA,fall
1995-11-27,195,NA,fall
1995-11-28,199,NA,fall
1995-11-29,202,15.149095927000001,fall
1995-11-30,230,NA,fall
1995-12-01,194,NA,fall
1995-12-02,213,NA,fall
1995-12-03,207,NA,fall
1995-12-04,244,NA,fall
1995-12-05,204,15.200531926,fall
1995-12-06,189,NA,fall
1995-12-07,181,NA,fall
1995-12-08,199,NA,fall
1995-12-09,188,NA,fall
1995-12-10,203,NA,fall
1995-12-11,217,17.912501847999998,fall
1995-12-12,191,NA,fall
1995-12-13,199,NA,fall
1995-12-14,205,NA,fall
1995-12-15,223,NA,fall
1995-12-16,202,NA,fall
1995-12-17,206,15.269502715,fall
1995-12-18,201,NA,fall
1995-12-19,215,NA,fall
1995-12-20,234,NA,fall
1995-12-21,234,NA,fall
1995-12-22,218,NA,fall
1995-12-23,204,13.794803799999999,fall
1995-12-24,186,NA,fall
1995-12-25,235,NA,fall
1995-12-26,231,NA,fall
1995-12-27,235,NA,fall
1995-12-28,224,NA,fall
1995-12-29,212,22.65730056,fall
1995-12-30,207,NA,fall
1995-12-31,212,NA,fall
1996-01-01,212,NA,winter
1996-01-02,235,NA,winter
1996-01-03,205,NA,winter
1996-01-04,232,22.374223746,winter
1996-01-05,212,NA,winter
1996-01-06,215,NA,winter
1996-01-07,211,NA,winter
1996-01-08,254,NA,winter
1996-01-09,260,NA,winter
1996-01-10,230,28.1169682828,winter
1996-01-11,234,NA,winter
1996-01-12,195,NA,winter
1996-01-13,213,NA,winter
1996-01-14,230,NA,winter
1996-01-15,195,NA,winter
1996-01-16,211,28.276937276199998,winter
1996-01-17,212,NA,winter
1996-01-18,204,NA,winter
1996-01-19,188,NA,winter
1996-01-20,197,NA,winter
1996-01-21,190,NA,winter
1996-01-22,238,37.733027065,winter
1996-01-23,219,NA,winter
1996-01-24,221,NA,winter
1996-01-25,213,NA,winter
1996-01-26,173,NA,winter
1996-01-27,221,NA,winter
1996-01-28,170,11.141478693,winter
1996-01-29,200,NA,winter
1996-01-30,207,NA,winter
1996-01-31,213,NA,winter
1996-02-01,195,NA,winter
1996-02-02,201,NA,winter
1996-02-03,208,16.09104407,winter
1996-02-04,216,NA,winter
1996-02-05,202,NA,winter
1996-02-06,207,NA,winter
1996-02-07,184,NA,winter
1996-02-08,170,NA,winter
1996-02-09,235,26.5799212992,winter
1996-02-10,191,NA,winter
1996-02-11,207,NA,winter
1996-02-12,200,NA,winter
1996-02-13,187,NA,winter
1996-02-14,184,NA,winter
1996-02-15,196,39.199594219999994,winter
1996-02-16,199,NA,winter
1996-02-17,203,NA,winter
1996-02-18,214,NA,winter
1996-02-19,215,NA,winter
1996-02-20,182,NA,winter
1996-02-21,212,31.42044434,winter
1996-02-22,161,NA,winter
1996-02-23,205,NA,winter
1996-02-24,187,NA,winter
1996-02-25,176,NA,winter
1996-02-26,178,NA,winter
1996-02-27,166,27.101279419799997,winter
1996-02-28,181,NA,winter
1996-02-29,197,NA,winter
1996-03-01,160,NA,winter
1996-03-02,166,NA,winter
1996-03-03,178,NA,winter
1996-03-04,219,22.088064629999998,winter
1996-03-05,173,NA,winter
1996-03-06,173,NA,winter
1996-03-07,192,NA,winter
1996-03-08,218,NA,winter
1996-03-09,182,NA,winter
1996-03-10,163,19.561419559,winter
1996-03-11,189,NA,winter
1996-03-12,184,NA,winter
1996-03-13,178,NA,winter
1996-03-14,171,NA,winter
1996-03-15,202,NA,winter
1996-03-16,204,11.337126373,winter
1996-03-17,197,NA,winter
1996-03-18,198,NA,winter
1996-03-19,167,NA,winter
1996-03-20,165,NA,winter
1996-03-21,198,NA,winter
1996-03-22,181,14.7830665,winter
1996-03-23,171,NA,winter
1996-03-24,167,NA,winter
1996-03-25,208,NA,winter
1996-03-26,201,NA,winter
1996-03-27,181,NA,winter
1996-03-28,162,18.306850524999998,winter
1996-03-29,202,NA,winter
1996-03-30,197,NA,winter
1996-03-31,205,NA,winter
1996-04-01,187,NA,spring
1996-04-02,193,NA,spring
1996-04-03,173,21.637406491999997,spring
1996-04-04,180,NA,spring
1996-04-05,203,NA,spring
1996-04-06,172,NA,spring
1996-04-07,173,NA,spring
1996-04-08,209,NA,spring
1996-04-09,190,25.785131559099998,spring
1996-04-10,184,NA,spring
1996-04-11,176,NA,spring
1996-04-12,202,NA,spring
1996-04-13,187,NA,spring
1996-04-14,193,NA,spring
1996-04-15,180,14.62843081,spring
1996-04-16,182,NA,spring
1996-04-17,162,NA,spring
1996-04-18,183,NA,spring
1996-04-19,161,NA,spring
1996-04-20,186,NA,spring
1996-04-21,173,24.80572356,spring
1996-04-22,187,NA,spring
1996-04-23,178,NA,spring
1996-04-24,184,NA,spring
1996-04-25,165,NA,spring
1996-04-26,171,NA,spring
1996-04-27,161,13.287247833999999,spring
1996-04-28,140,NA,spring
1996-04-29,172,NA,spring
1996-04-30,195,NA,spring
1996-05-01,172,NA,spring
1996-05-02,168,NA,spring
1996-05-03,192,37.576436221,spring
1996-05-04,177,NA,spring
1996-05-05,201,NA,spring
1996-05-06,192,NA,spring
1996-05-07,183,NA,spring
1996-05-08,170,NA,spring
1996-05-09,177,15.787822685999998,spring
1996-05-10,182,NA,spring
1996-05-11,194,NA,spring
1996-05-12,195,NA,spring
1996-05-13,172,NA,spring
1996-05-14,199,NA,spring
1996-05-15,167,23.639487859,spring
1996-05-16,176,NA,spring
1996-05-17,194,NA,spring
1996-05-18,170,NA,spring
1996-05-19,187,NA,spring
1996-05-20,199,NA,spring
1996-05-21,201,34.071667413,spring
1996-05-22,225,NA,spring
1996-05-23,154,NA,spring
1996-05-24,190,NA,spring
1996-05-25,163,NA,spring
1996-05-26,160,NA,spring
1996-05-27,142,16.323369931,spring
1996-05-28,186,NA,spring
1996-05-29,175,NA,spring
1996-05-30,177,NA,spring
1996-05-31,192,NA,spring
1996-06-01,190,NA,spring
1996-06-02,197,15.927011508,spring
1996-06-03,175,NA,spring
1996-06-04,177,NA,spring
1996-06-05,164,NA,spring
1996-06-06,160,NA,spring
1996-06-07,200,NA,spring
1996-06-08,173,20.035991484,spring
1996-06-09,177,NA,spring
1996-06-10,163,NA,spring
1996-06-11,150,NA,spring
1996-06-12,161,NA,spring
1996-06-13,150,NA,spring
1996-06-14,163,40.263321192,spring
1996-06-15,169,NA,spring
1996-06-16,184,NA,spring
1996-06-17,192,NA,spring
1996-06-18,173,NA,spring
1996-06-19,166,NA,spring
1996-06-20,172,25.819600267000002,spring
1996-06-21,182,NA,spring
1996-06-22,135,NA,spring
1996-06-23,174,NA,spring
1996-06-24,159,NA,spring
1996-06-25,185,NA,spring
1996-06-26,173,19.879337410999998,spring
1996-06-27,181,NA,spring
1996-06-28,173,NA,spring
1996-06-29,164,NA,spring
1996-06-30,158,NA,spring
1996-07-01,146,NA,summer
1996-07-02,188,41.493274764999995,summer
1996-07-03,176,NA,summer
1996-07-04,160,NA,summer
1996-07-05,151,NA,summer
1996-07-06,165,NA,summer
1996-07-07,160,NA,summer
1996-07-08,190,46.425106699,summer
1996-07-09,164,NA,summer
1996-07-10,163,22.845280765000002,summer
1996-07-11,151,NA,summer
1996-07-12,163,NA,summer
1996-07-13,171,NA,summer
1996-07-14,148,36.446979964,summer
1996-07-15,185,NA,summer
1996-07-16,171,NA,summer
1996-07-17,192,36.845533498,summer
1996-07-18,193,NA,summer
1996-07-19,186,NA,summer
1996-07-20,170,15.398773311999998,summer
1996-07-21,155,NA,summer
1996-07-22,161,NA,summer
1996-07-23,164,26.8021091811,summer
1996-07-24,184,NA,summer
1996-07-25,146,NA,summer
1996-07-26,168,28.547948980199997,summer
1996-07-27,163,NA,summer
1996-07-28,158,NA,summer
1996-07-29,180,NA,summer
1996-07-30,158,17.587301587,summer
1996-07-31,158,NA,summer
1996-08-01,163,36.1964038346,summer
1996-08-02,195,NA,summer
1996-08-03,147,NA,summer
1996-08-04,163,49.545239968999994,summer
1996-08-05,168,NA,summer
1996-08-06,167,NA,summer
1996-08-07,153,69.349171794,summer
1996-08-08,168,NA,summer
1996-08-09,161,NA,summer
1996-08-10,179,127.552729527,summer
1996-08-11,134,NA,summer
1996-08-12,153,NA,summer
1996-08-13,172,20.16129197,summer
1996-08-14,166,NA,summer
1996-08-15,150,38.584007188,summer
1996-08-16,157,NA,summer
1996-08-17,161,NA,summer
1996-08-18,160,NA,summer
1996-08-19,170,27.204908748999998,summer
1996-08-20,168,NA,summer
1996-08-21,175,NA,summer
1996-08-22,185,52.432937182,summer
1996-08-23,170,NA,summer
1996-08-24,158,NA,summer
1996-08-25,175,26.980851428,summer
1996-08-26,145,NA,summer
1996-08-27,170,NA,summer
1996-08-28,147,30.098014888599998,summer
1996-08-29,173,NA,summer
1996-08-30,176,NA,summer
1996-08-31,170,26.158497929,summer
1996-09-01,166,NA,summer
1996-09-02,184,NA,summer
1996-09-03,167,24.998533725,summer
1996-09-04,169,NA,summer
1996-09-05,144,NA,summer
1996-09-06,173,32.719453757500006,summer
1996-09-07,168,NA,summer
1996-09-08,160,NA,summer
1996-09-09,147,NA,summer
1996-09-10,161,NA,summer
1996-09-11,138,NA,summer
1996-09-12,157,21.692172983,summer
1996-09-13,154,NA,summer
1996-09-14,153,NA,summer
1996-09-15,158,14.291844185999999,summer
1996-09-16,193,NA,summer
1996-09-17,183,NA,summer
1996-09-18,151,17.561099321,summer
1996-09-19,179,NA,summer
1996-09-20,158,NA,summer
1996-09-21,180,NA,summer
1996-09-22,179,NA,summer
1996-09-23,181,NA,summer
1996-09-24,149,24.420246960999997,summer
1996-09-25,164,NA,summer
1996-09-26,162,NA,summer
1996-09-27,168,NA,summer
1996-09-28,183,NA,summer
1996-09-29,169,NA,summer
1996-09-30,188,23.601794488000003,summer
1996-10-01,184,NA,fall
1996-10-02,176,NA,fall
1996-10-03,157,NA,fall
1996-10-04,179,NA,fall
1996-10-05,185,NA,fall
1996-10-06,171,14.45293103,fall
1996-10-07,186,NA,fall
1996-10-08,197,NA,fall
1996-10-09,184,NA,fall
1996-10-10,186,NA,fall
1996-10-11,185,NA,fall
1996-10-12,166,22.080684833,fall
1996-10-13,174,NA,fall
1996-10-14,184,NA,fall
1996-10-15,182,NA,fall
1996-10-16,174,NA,fall
1996-10-17,213,NA,fall
1996-10-18,171,30.3831719126,fall
1996-10-19,179,NA,fall
1996-10-20,142,NA,fall
1996-10-21,189,NA,fall
1996-10-22,166,NA,fall
1996-10-23,194,NA,fall
1996-10-24,180,23.346557096999998,fall
1996-10-25,191,NA,fall
1996-10-26,188,NA,fall
1996-10-27,171,NA,fall
1996-10-28,195,NA,fall
1996-10-29,146,NA,fall
1996-10-30,162,31.875947903900002,fall
1996-10-31,163,NA,fall
1996-11-01,175,NA,fall
1996-11-02,172,NA,fall
1996-11-03,191,NA,fall
1996-11-04,200,NA,fall
1996-11-05,193,31.0904671919,fall
1996-11-06,207,NA,fall
1996-11-07,192,NA,fall
1996-11-08,181,NA,fall
1996-11-09,176,NA,fall
1996-11-10,160,NA,fall
1996-11-11,179,20.861844494,fall
1996-11-12,160,NA,fall
1996-11-13,172,NA,fall
1996-11-14,206,NA,fall
1996-11-15,196,NA,fall
1996-11-16,171,NA,fall
1996-11-17,190,35.7008833287,fall
1996-11-18,213,NA,fall
1996-11-19,197,NA,fall
1996-11-20,204,NA,fall
1996-11-21,189,NA,fall
1996-11-22,206,NA,fall
1996-11-23,195,21.38267226,fall
1996-11-24,204,NA,fall
1996-11-25,187,NA,fall
1996-11-26,211,NA,fall
1996-11-27,201,NA,fall
1996-11-28,199,NA,fall
1996-11-29,203,26.6435555971,fall
1996-11-30,186,NA,fall
1996-12-01,228,NA,fall
1996-12-02,228,NA,fall
1996-12-03,225,NA,fall
1996-12-04,224,NA,fall
1996-12-05,216,30.8794601032,fall
1996-12-06,226,NA,fall
1996-12-07,228,NA,fall
1996-12-08,233,NA,fall
1996-12-09,253,NA,fall
1996-12-10,252,NA,fall
1996-12-11,219,38.146913997,fall
1996-12-12,220,NA,fall
1996-12-13,211,NA,fall
1996-12-14,226,NA,fall
1996-12-15,237,NA,fall
1996-12-16,223,NA,fall
1996-12-17,243,23.250042137999998,fall
1996-12-18,222,NA,fall
1996-12-19,214,NA,fall
1996-12-20,199,NA,fall
1996-12-21,211,NA,fall
1996-12-22,192,NA,fall
1996-12-23,246,35.0434101446,fall
1996-12-24,238,NA,fall
1996-12-25,209,NA,fall
1996-12-26,200,NA,fall
1996-12-27,199,NA,fall
1996-12-28,210,NA,fall
1996-12-29,205,25.388014049,fall
1996-12-30,181,NA,fall
1996-12-31,205,NA,fall
1997-01-01,211,NA,winter
1997-01-02,229,NA,winter
1997-01-03,231,NA,winter
1997-01-04,204,25.640754509999997,winter
1997-01-05,208,NA,winter
1997-01-06,227,NA,winter
1997-01-07,189,NA,winter
1997-01-08,213,NA,winter
1997-01-09,237,NA,winter
1997-01-10,219,22.789007635,winter
1997-01-11,198,NA,winter
1997-01-12,155,NA,winter
1997-01-13,206,NA,winter
1997-01-14,199,NA,winter
1997-01-15,192,NA,winter
1997-01-16,246,22.144140215,winter
1997-01-17,204,NA,winter
1997-01-18,183,NA,winter
1997-01-19,171,NA,winter
1997-01-20,206,NA,winter
1997-01-21,212,NA,winter
1997-01-22,238,23.511990014,winter
1997-01-23,216,NA,winter
1997-01-24,178,NA,winter
1997-01-25,215,NA,winter
1997-01-26,179,NA,winter
1997-01-27,192,NA,winter
1997-01-28,179,16.872963640000002,winter
1997-01-29,186,NA,winter
1997-01-30,186,NA,winter
1997-01-31,185,NA,winter
1997-02-01,199,NA,winter
1997-02-02,179,NA,winter
1997-02-03,190,38.382501512,winter
1997-02-04,166,NA,winter
1997-02-05,205,NA,winter
1997-02-06,201,NA,winter
1997-02-07,183,NA,winter
1997-02-08,177,NA,winter
1997-02-09,198,17.937992219999998,winter
1997-02-10,163,NA,winter
1997-02-11,176,NA,winter
1997-02-12,208,NA,winter
1997-02-13,173,NA,winter
1997-02-14,186,NA,winter
1997-02-15,179,25.398989798,winter
1997-02-16,185,NA,winter
1997-02-17,175,NA,winter
1997-02-18,161,NA,winter
1997-02-19,176,NA,winter
1997-02-20,199,NA,winter
1997-02-21,184,25.6846218,winter
1997-02-22,179,NA,winter
1997-02-23,180,NA,winter
1997-02-24,180,NA,winter
1997-02-25,176,NA,winter
1997-02-26,169,NA,winter
1997-02-27,190,18.335420444,winter
1997-02-28,184,NA,winter
1997-03-01,193,NA,winter
1997-03-02,168,NA,winter
1997-03-03,176,NA,winter
1997-03-04,174,NA,winter
1997-03-05,167,30.8161654339,winter
1997-03-06,187,NA,winter
1997-03-07,173,NA,winter
1997-03-08,172,NA,winter
1997-03-09,189,NA,winter
1997-03-10,212,NA,winter
1997-03-11,200,21.157091952000002,winter
1997-03-12,171,NA,winter
1997-03-13,155,NA,winter
1997-03-14,181,NA,winter
1997-03-15,174,NA,winter
1997-03-16,173,NA,winter
1997-03-17,190,21.749395855,winter
1997-03-18,181,NA,winter
1997-03-19,166,NA,winter
1997-03-20,162,NA,winter
1997-03-21,206,NA,winter
1997-03-22,193,NA,winter
1997-03-23,159,5.1034153700000005,winter
1997-03-24,183,NA,winter
1997-03-25,172,NA,winter
1997-03-26,181,NA,winter
1997-03-27,187,NA,winter
1997-03-28,172,NA,winter
1997-03-29,136,34.4213291872,winter
1997-03-30,179,NA,winter
1997-03-31,156,NA,winter
1997-04-01,170,NA,spring
1997-04-02,186,NA,spring
1997-04-03,187,NA,spring
1997-04-04,176,21.352026533,spring
1997-04-05,172,NA,spring
1997-04-06,173,NA,spring
1997-04-07,169,NA,spring
1997-04-08,161,NA,spring
1997-04-09,174,NA,spring
1997-04-10,179,13.29427236,spring
1997-04-11,176,NA,spring
1997-04-12,180,NA,spring
1997-04-13,173,NA,spring
1997-04-14,180,NA,spring
1997-04-15,173,NA,spring
1997-04-16,181,31.1767857143,spring
1997-04-17,158,NA,spring
1997-04-18,176,NA,spring
1997-04-19,188,NA,spring
1997-04-20,149,NA,spring
1997-04-21,200,NA,spring
1997-04-22,154,30.2852615626,spring
1997-04-23,179,NA,spring
1997-04-24,179,NA,spring
1997-04-25,168,NA,spring
1997-04-26,172,NA,spring
1997-04-27,148,NA,spring
1997-04-28,148,18.553955737,spring
1997-04-29,188,NA,spring
1997-04-30,181,NA,spring
1997-05-01,178,NA,spring
1997-05-02,169,NA,spring
1997-05-03,161,NA,spring
1997-05-04,180,10.851575124,spring
1997-05-05,182,NA,spring
1997-05-06,180,NA,spring
1997-05-07,136,NA,spring
1997-05-08,175,NA,spring
1997-05-09,164,NA,spring
1997-05-10,183,11.035571114,spring
1997-05-11,170,NA,spring
1997-05-12,178,NA,spring
1997-05-13,179,NA,spring
1997-05-14,184,NA,spring
1997-05-15,157,NA,spring
1997-05-16,185,16.980267234000003,spring
1997-05-17,161,NA,spring
1997-05-18,162,NA,spring
1997-05-19,152,NA,spring
1997-05-20,165,NA,spring
1997-05-21,157,NA,spring
1997-05-22,144,14.714272924000001,spring
1997-05-23,177,NA,spring
1997-05-24,205,NA,spring
1997-05-25,178,NA,spring
1997-05-26,177,NA,spring
1997-05-27,153,NA,spring
1997-05-28,168,19.027693905,spring
1997-05-29,162,NA,spring
1997-05-30,154,NA,spring
1997-05-31,147,NA,spring
1997-06-01,178,NA,spring
1997-06-02,151,NA,spring
1997-06-03,172,15.491269745999999,spring
1997-06-04,157,NA,spring
1997-06-05,167,NA,spring
1997-06-06,168,NA,spring
1997-06-07,138,NA,spring
1997-06-08,154,NA,spring
1997-06-09,171,25.003820652,spring
1997-06-10,159,NA,spring
1997-06-11,192,NA,spring
1997-06-12,204,NA,spring
1997-06-13,171,NA,spring
1997-06-14,149,NA,spring
1997-06-15,155,13.725769007999999,spring
1997-06-16,167,NA,spring
1997-06-17,133,NA,spring
1997-06-18,144,NA,spring
1997-06-19,157,NA,spring
1997-06-20,167,NA,spring
1997-06-21,166,51.78616785,spring
1997-06-22,153,NA,spring
1997-06-23,190,NA,spring
1997-06-24,163,NA,spring
1997-06-25,177,NA,spring
1997-06-26,185,NA,spring
1997-06-27,173,20.481022495999998,spring
1997-06-28,167,NA,spring
1997-06-29,148,NA,spring
1997-06-30,171,NA,spring
1997-07-01,144,NA,summer
1997-07-02,169,NA,summer
1997-07-03,165,25.040333761,summer
1997-07-04,150,NA,summer
1997-07-05,132,NA,summer
1997-07-06,150,NA,summer
1997-07-07,155,NA,summer
1997-07-08,166,NA,summer
1997-07-09,167,39.382837755,summer
1997-07-10,155,NA,summer
1997-07-11,171,NA,summer
1997-07-12,152,NA,summer
1997-07-13,153,NA,summer
1997-07-14,173,NA,summer
1997-07-15,178,82.90886520000001,summer
1997-07-16,204,NA,summer
1997-07-17,176,NA,summer
1997-07-18,179,NA,summer
1997-07-19,152,NA,summer
1997-07-20,157,NA,summer
1997-07-21,153,32.4772187979,summer
1997-07-22,170,NA,summer
1997-07-23,126,NA,summer
1997-07-24,159,NA,summer
1997-07-25,163,NA,summer
1997-07-26,151,NA,summer
1997-07-27,155,54.212300902,summer
1997-07-28,153,NA,summer
1997-07-29,147,NA,summer
1997-07-30,156,NA,summer
1997-07-31,146,NA,summer
1997-08-01,154,NA,summer
1997-08-02,160,46.939392068000004,summer
1997-08-03,180,NA,summer
1997-08-04,173,NA,summer
1997-08-05,164,NA,summer
1997-08-06,157,NA,summer
1997-08-07,135,NA,summer
1997-08-08,153,34.6326612663,summer
1997-08-09,133,NA,summer
1997-08-10,178,NA,summer
1997-08-11,149,NA,summer
1997-08-12,151,NA,summer
1997-08-13,167,NA,summer
1997-08-14,136,27.9742926895,summer
1997-08-15,138,NA,summer
1997-08-16,160,NA,summer
1997-08-17,150,NA,summer
1997-08-18,161,NA,summer
1997-08-19,146,NA,summer
1997-08-20,160,20.116959029,summer
1997-08-21,144,NA,summer
1997-08-22,132,NA,summer
1997-08-23,150,NA,summer
1997-08-24,135,NA,summer
1997-08-25,163,NA,summer
1997-08-26,161,32.2758442314,summer
1997-08-27,159,NA,summer
1997-08-28,143,NA,summer
1997-08-29,154,NA,summer
1997-08-30,158,NA,summer
1997-08-31,132,NA,summer
1997-09-01,174,32.4060903525,summer
1997-09-02,156,NA,summer
1997-09-03,158,NA,summer
1997-09-04,148,NA,summer
1997-09-05,133,NA,summer
1997-09-06,195,NA,summer
1997-09-07,192,39.949768863,summer
1997-09-08,168,NA,summer
1997-09-09,164,NA,summer
1997-09-10,156,NA,summer
1997-09-11,181,NA,summer
1997-09-12,148,NA,summer
1997-09-13,183,29.6977205868,summer
1997-09-14,163,NA,summer
1997-09-15,158,NA,summer
1997-09-16,166,NA,summer
1997-09-17,161,NA,summer
1997-09-18,165,NA,summer
1997-09-19,170,36.209550227,summer
1997-09-20,140,NA,summer
1997-09-21,160,NA,summer
1997-09-22,149,NA,summer
1997-09-23,154,NA,summer
1997-09-24,167,NA,summer
1997-09-25,154,23.568112229,summer
1997-09-26,162,NA,summer
1997-09-27,143,NA,summer
1997-09-28,157,NA,summer
1997-09-29,194,NA,summer
1997-09-30,145,NA,summer
1997-10-01,159,12.326994196000001,fall
1997-10-02,137,NA,fall
1997-10-03,135,NA,fall
1997-10-04,187,NA,fall
1997-10-05,157,NA,fall
1997-10-06,190,NA,fall
1997-10-07,169,27.030833744600002,fall
1997-10-08,171,NA,fall
1997-10-09,156,NA,fall
1997-10-10,175,NA,fall
1997-10-11,169,NA,fall
1997-10-12,159,NA,fall
1997-10-13,170,23.487795124,fall
1997-10-14,192,NA,fall
1997-10-15,163,NA,fall
1997-10-16,168,NA,fall
1997-10-17,138,NA,fall
1997-10-18,150,NA,fall
1997-10-19,149,21.406322295000002,fall
1997-10-20,169,NA,fall
1997-10-21,170,NA,fall
1997-10-22,178,NA,fall
1997-10-23,162,NA,fall
1997-10-24,163,NA,fall
1997-10-25,189,20.277976965999997,fall
1997-10-26,171,NA,fall
1997-10-27,167,NA,fall
1997-10-28,155,NA,fall
1997-10-29,171,NA,fall
1997-10-30,192,NA,fall
1997-10-31,149,41.164100972,fall
1997-11-01,185,NA,fall
1997-11-02,163,NA,fall
1997-11-03,159,NA,fall
1997-11-04,175,NA,fall
1997-11-05,141,NA,fall
1997-11-06,184,25.328503149,fall
1997-11-07,166,NA,fall
1997-11-08,182,NA,fall
1997-11-09,171,NA,fall
1997-11-10,172,NA,fall
1997-11-11,150,NA,fall
1997-11-12,195,17.489516043,fall
1997-11-13,186,NA,fall
1997-11-14,171,NA,fall
1997-11-15,194,NA,fall
1997-11-16,165,NA,fall
1997-11-17,179,NA,fall
1997-11-18,162,30.6391669332,fall
1997-11-19,165,NA,fall
1997-11-20,144,NA,fall
1997-11-21,161,NA,fall
1997-11-22,156,NA,fall
1997-11-23,188,NA,fall
1997-11-24,195,19.750511912,fall
1997-11-25,173,NA,fall
1997-11-26,176,NA,fall
1997-11-27,195,NA,fall
1997-11-28,150,NA,fall
1997-11-29,187,NA,fall
1997-11-30,159,31.2890907277,fall
1997-12-01,188,NA,fall
1997-12-02,177,NA,fall
1997-12-03,176,NA,fall
1997-12-04,166,NA,fall
1997-12-05,196,NA,fall
1997-12-06,187,18.201676473,fall
1997-12-07,169,NA,fall
1997-12-08,181,NA,fall
1997-12-09,193,NA,fall
1997-12-10,202,NA,fall
1997-12-11,185,NA,fall
1997-12-12,193,31.3593553462,fall
1997-12-13,185,NA,fall
1997-12-14,183,NA,fall
1997-12-15,195,NA,fall
1997-12-16,185,NA,fall
1997-12-17,174,NA,fall
1997-12-18,180,31.4279640597,fall
1997-12-19,159,NA,fall
1997-12-20,209,NA,fall
1997-12-21,164,NA,fall
1997-12-22,186,NA,fall
1997-12-23,194,NA,fall
1997-12-24,188,24.527424102,fall
1997-12-25,193,NA,fall
1997-12-26,206,NA,fall
1997-12-27,196,NA,fall
1997-12-28,184,NA,fall
1997-12-29,236,NA,fall
1997-12-30,212,17.799569221,fall
1997-12-31,178,NA,fall
1998-01-01,204,NA,winter
1998-01-02,195,NA,winter
1998-01-03,203,NA,winter
1998-01-04,242,NA,winter
1998-01-05,220,44.577775763,winter
1998-01-06,225,NA,winter
1998-01-07,207,NA,winter
1998-01-08,242,NA,winter
1998-01-09,228,NA,winter
1998-01-10,211,NA,winter
1998-01-11,199,20.177542777,winter
1998-01-12,208,NA,winter
1998-01-13,196,NA,winter
1998-01-14,201,NA,winter
1998-01-15,206,NA,winter
1998-01-16,197,NA,winter
1998-01-17,218,16.365208448,winter
1998-01-18,183,NA,winter
1998-01-19,203,NA,winter
1998-01-20,209,NA,winter
1998-01-21,193,NA,winter
1998-01-22,189,NA,winter
1998-01-23,188,18.529480348,winter
1998-01-24,182,NA,winter
1998-01-25,193,NA,winter
1998-01-26,192,NA,winter
1998-01-27,181,NA,winter
1998-01-28,217,NA,winter
1998-01-29,207,20.694921913,winter
1998-01-30,194,NA,winter
1998-01-31,191,NA,winter
1998-02-01,175,NA,winter
1998-02-02,208,NA,winter
1998-02-03,185,NA,winter
1998-02-04,187,23.755100417,winter
1998-02-05,157,NA,winter
1998-02-06,187,NA,winter
1998-02-07,196,NA,winter
1998-02-08,194,NA,winter
1998-02-09,194,NA,winter
1998-02-10,180,53.642221989,winter
1998-02-11,185,NA,winter
1998-02-12,204,NA,winter
1998-02-13,180,NA,winter
1998-02-14,178,NA,winter
1998-02-15,195,NA,winter
1998-02-16,191,23.609287742,winter
1998-02-17,189,NA,winter
1998-02-18,201,NA,winter
1998-02-19,172,NA,winter
1998-02-20,158,NA,winter
1998-02-21,175,NA,winter
1998-02-22,189,14.69909259,winter
1998-02-23,182,NA,winter
1998-02-24,184,NA,winter
1998-02-25,173,NA,winter
1998-02-26,196,NA,winter
1998-02-27,180,NA,winter
1998-02-28,166,22.250605981,winter
1998-03-01,191,NA,winter
1998-03-02,177,NA,winter
1998-03-03,177,NA,winter
1998-03-04,159,NA,winter
1998-03-05,125,NA,winter
1998-03-06,173,18.68802788,winter
1998-03-07,169,NA,winter
1998-03-08,164,NA,winter
1998-03-09,174,NA,winter
1998-03-10,182,NA,winter
1998-03-11,157,NA,winter
1998-03-12,181,15.574540504,winter
1998-03-13,183,NA,winter
1998-03-14,181,NA,winter
1998-03-15,187,NA,winter
1998-03-16,185,NA,winter
1998-03-17,161,NA,winter
1998-03-18,176,19.094941194,winter
1998-03-19,152,NA,winter
1998-03-20,183,NA,winter
1998-03-21,172,NA,winter
1998-03-22,166,NA,winter
1998-03-23,166,NA,winter
1998-03-24,160,22.834860259,winter
1998-03-25,164,NA,winter
1998-03-26,151,NA,winter
1998-03-27,172,NA,winter
1998-03-28,176,NA,winter
1998-03-29,169,NA,winter
1998-03-30,189,41.59082123,winter
1998-03-31,180,NA,winter
1998-04-01,174,NA,spring
1998-04-02,152,NA,spring
1998-04-03,127,NA,spring
1998-04-04,157,NA,spring
1998-04-05,153,11.193811218,spring
1998-04-06,186,NA,spring
1998-04-07,165,NA,spring
1998-04-08,153,NA,spring
1998-04-09,133,NA,spring
1998-04-10,165,NA,spring
1998-04-11,152,17.719647357,spring
1998-04-12,176,NA,spring
1998-04-13,162,NA,spring
1998-04-14,173,NA,spring
1998-04-15,176,NA,spring
1998-04-16,169,NA,spring
1998-04-17,152,28.1912049924,spring
1998-04-18,171,NA,spring
1998-04-19,177,NA,spring
1998-04-20,167,NA,spring
1998-04-21,161,NA,spring
1998-04-22,160,NA,spring
1998-04-23,157,17.287609672000002,spring
1998-04-24,154,NA,spring
1998-04-25,143,NA,spring
1998-04-26,134,NA,spring
1998-04-27,172,NA,spring
1998-04-28,161,NA,spring
1998-04-29,157,25.150471419,spring
1998-04-30,158,NA,spring
1998-05-01,170,NA,spring
1998-05-02,185,NA,spring
1998-05-03,143,NA,spring
1998-05-04,143,NA,spring
1998-05-05,124,23.348401015,spring
1998-05-06,134,NA,spring
1998-05-07,150,NA,spring
1998-05-08,160,NA,spring
1998-05-09,178,NA,spring
1998-05-10,146,NA,spring
1998-05-11,155,16.941029764999996,spring
1998-05-12,158,NA,spring
1998-05-13,129,NA,spring
1998-05-14,145,NA,spring
1998-05-15,177,NA,spring
1998-05-16,189,NA,spring
1998-05-17,157,32.086235607,spring
1998-05-18,198,NA,spring
1998-05-19,156,NA,spring
1998-05-20,175,NA,spring
1998-05-21,160,NA,spring
1998-05-22,164,NA,spring
1998-05-23,162,13.648768789999998,spring
1998-05-24,156,NA,spring
1998-05-25,176,NA,spring
1998-05-26,169,NA,spring
1998-05-27,157,NA,spring
1998-05-28,169,NA,spring
1998-05-29,156,50.192413861999995,spring
1998-05-30,147,NA,spring
1998-05-31,157,NA,spring
1998-06-01,161,NA,spring
1998-06-02,149,NA,spring
1998-06-03,159,NA,spring
1998-06-04,152,16.874913843999998,spring
1998-06-05,181,NA,spring
1998-06-06,166,NA,spring
1998-06-07,181,NA,spring
1998-06-08,169,NA,spring
1998-06-09,165,NA,spring
1998-06-10,157,24.066478921999998,spring
1998-06-11,134,NA,spring
1998-06-12,157,NA,spring
1998-06-13,162,NA,spring
1998-06-14,152,NA,spring
1998-06-15,175,NA,spring
1998-06-16,159,33.8010605554,spring
1998-06-17,145,NA,spring
1998-06-18,148,NA,spring
1998-06-19,160,NA,spring
1998-06-20,171,NA,spring
1998-06-21,174,NA,spring
1998-06-22,137,39.123157649999996,spring
1998-06-23,146,NA,spring
1998-06-24,156,NA,spring
1998-06-25,170,NA,spring
1998-06-26,176,NA,spring
1998-06-27,177,NA,spring
1998-06-28,143,17.070558413,spring
1998-06-29,149,NA,spring
1998-06-30,157,NA,spring
1998-07-01,131,NA,summer
1998-07-02,134,NA,summer
1998-07-03,174,NA,summer
1998-07-04,156,57.324591098999996,summer
1998-07-05,137,NA,summer
1998-07-06,147,NA,summer
1998-07-07,144,NA,summer
1998-07-08,162,NA,summer
1998-07-09,143,NA,summer
1998-07-10,170,31.095313618699997,summer
1998-07-11,178,NA,summer
1998-07-12,150,NA,summer
1998-07-13,155,NA,summer
1998-07-14,171,NA,summer
1998-07-15,173,NA,summer
1998-07-16,159,38.211327479999994,summer
1998-07-17,151,NA,summer
1998-07-18,151,NA,summer
1998-07-19,149,NA,summer
1998-07-20,160,NA,summer
1998-07-21,141,NA,summer
1998-07-22,144,39.791915614,summer
1998-07-23,171,NA,summer
1998-07-24,179,NA,summer
1998-07-25,140,NA,summer
1998-07-26,133,NA,summer
1998-07-27,154,NA,summer
1998-07-28,182,32.4571855584,summer
1998-07-29,184,NA,summer
1998-07-30,160,NA,summer
1998-07-31,150,NA,summer
1998-08-01,167,NA,summer
1998-08-02,157,NA,summer
1998-08-03,151,28.6839992847,summer
1998-08-04,146,NA,summer
1998-08-05,152,NA,summer
1998-08-06,156,NA,summer
1998-08-07,145,NA,summer
1998-08-08,175,NA,summer
1998-08-09,166,19.018679413999998,summer
1998-08-10,151,NA,summer
1998-08-11,138,NA,summer
1998-08-12,144,NA,summer
1998-08-13,140,NA,summer
1998-08-14,159,NA,summer
1998-08-15,140,17.031088290999996,summer
1998-08-16,132,NA,summer
1998-08-17,170,NA,summer
1998-08-18,151,NA,summer
1998-08-19,140,NA,summer
1998-08-20,145,NA,summer
1998-08-21,131,36.962694627999994,summer
1998-08-22,161,NA,summer
1998-08-23,149,NA,summer
1998-08-24,189,NA,summer
1998-08-25,159,NA,summer
1998-08-26,152,NA,summer
1998-08-27,165,30.644835598199997,summer
1998-08-28,156,NA,summer
1998-08-29,132,NA,summer
1998-08-30,148,NA,summer
1998-08-31,173,NA,summer
1998-09-01,179,NA,summer
1998-09-02,142,23.873358049,summer
1998-09-03,161,NA,summer
1998-09-04,167,NA,summer
1998-09-05,139,NA,summer
1998-09-06,154,NA,summer
1998-09-07,174,NA,summer
1998-09-08,186,19.120884021,summer
1998-09-09,174,NA,summer
1998-09-10,159,NA,summer
1998-09-11,170,NA,summer
1998-09-12,152,NA,summer
1998-09-13,169,NA,summer
1998-09-14,167,22.152678161999997,summer
1998-09-15,160,NA,summer
1998-09-16,162,NA,summer
1998-09-17,131,NA,summer
1998-09-18,153,NA,summer
1998-09-19,155,NA,summer
1998-09-20,153,25.2975120795,summer
1998-09-21,155,NA,summer
1998-09-22,146,NA,summer
1998-09-23,133,NA,summer
1998-09-24,147,NA,summer
1998-09-25,176,NA,summer
1998-09-26,172,46.197387518,summer
1998-09-27,176,NA,summer
1998-09-28,151,NA,summer
1998-09-29,175,NA,summer
1998-09-30,150,NA,summer
1998-10-01,169,NA,fall
1998-10-02,156,17.392495038,fall
1998-10-03,161,NA,fall
1998-10-04,167,NA,fall
1998-10-05,190,NA,fall
1998-10-06,176,NA,fall
1998-10-07,180,NA,fall
1998-10-08,156,19.698034459,fall
1998-10-09,140,NA,fall
1998-10-10,184,NA,fall
1998-10-11,161,NA,fall
1998-10-12,176,NA,fall
1998-10-13,155,NA,fall
1998-10-14,155,18.772316889,fall
1998-10-15,165,NA,fall
1998-10-16,166,NA,fall
1998-10-17,178,NA,fall
1998-10-18,177,NA,fall
1998-10-19,144,NA,fall
1998-10-20,144,23.295401110999997,fall
1998-10-21,171,NA,fall
1998-10-22,150,NA,fall
1998-10-23,192,NA,fall
1998-10-24,169,NA,fall
1998-10-25,194,NA,fall
1998-10-26,176,26.5762132317,fall
1998-10-27,168,NA,fall
1998-10-28,170,NA,fall
1998-10-29,159,NA,fall
1998-10-30,183,NA,fall
1998-10-31,155,NA,fall
1998-11-01,177,10.507241489999998,fall
1998-11-02,178,NA,fall
1998-11-03,175,NA,fall
1998-11-04,167,NA,fall
1998-11-05,184,NA,fall
1998-11-06,190,NA,fall
1998-11-07,191,16.900202877999998,fall
1998-11-08,166,NA,fall
1998-11-09,188,NA,fall
1998-11-10,156,NA,fall
1998-11-11,181,NA,fall
1998-11-12,157,NA,fall
1998-11-13,180,25.2195890078,fall
1998-11-14,181,NA,fall
1998-11-15,186,NA,fall
1998-11-16,171,NA,fall
1998-11-17,163,NA,fall
1998-11-18,167,NA,fall
1998-11-19,151,28.146239147299998,fall
1998-11-20,182,NA,fall
1998-11-21,179,NA,fall
1998-11-22,148,NA,fall
1998-11-23,152,NA,fall
1998-11-24,170,NA,fall
1998-11-25,168,16.165289824,fall
1998-11-26,176,NA,fall
1998-11-27,167,NA,fall
1998-11-28,182,NA,fall
1998-11-29,158,NA,fall
1998-11-30,155,NA,fall
1998-12-01,192,19.271643640999997,fall
1998-12-02,189,NA,fall
1998-12-03,162,NA,fall
1998-12-04,197,NA,fall
1998-12-05,161,NA,fall
1998-12-06,147,NA,fall
1998-12-07,189,21.358360167999997,fall
1998-12-08,184,NA,fall
1998-12-09,155,NA,fall
1998-12-10,169,NA,fall
1998-12-11,195,NA,fall
1998-12-12,172,NA,fall
1998-12-13,160,24.425109991,fall
1998-12-14,191,NA,fall
1998-12-15,197,NA,fall
1998-12-16,192,NA,fall
1998-12-17,152,NA,fall
1998-12-18,180,NA,fall
1998-12-19,152,18.952256332999998,fall
1998-12-20,191,NA,fall
1998-12-21,205,NA,fall
1998-12-22,186,NA,fall
1998-12-23,156,NA,fall
1998-12-24,172,NA,fall
1998-12-25,161,20.702903760999998,fall
1998-12-26,191,NA,fall
1998-12-27,217,NA,fall
1998-12-28,202,NA,fall
1998-12-29,170,NA,fall
1998-12-30,213,NA,fall
1998-12-31,222,20.828399378,fall
1999-01-01,192,NA,winter
1999-01-02,207,NA,winter
1999-01-03,227,NA,winter
1999-01-04,242,NA,winter
1999-01-05,190,NA,winter
1999-01-06,243,30.512585033999997,winter
1999-01-07,192,NA,winter
1999-01-08,264,NA,winter
1999-01-09,200,NA,winter
1999-01-10,237,NA,winter
1999-01-11,238,NA,winter
1999-01-12,229,32.684649122799996,winter
1999-01-13,285,NA,winter
1999-01-14,228,NA,winter
1999-01-15,196,NA,winter
1999-01-16,227,NA,winter
1999-01-17,253,NA,winter
1999-01-18,242,17.441424990999998,winter
1999-01-19,262,NA,winter
1999-01-20,199,NA,winter
1999-01-21,219,NA,winter
1999-01-22,238,NA,winter
1999-01-23,209,NA,winter
1999-01-24,244,13.354081629999998,winter
1999-01-25,203,NA,winter
1999-01-26,242,NA,winter
1999-01-27,216,NA,winter
1999-01-28,202,NA,winter
1999-01-29,241,NA,winter
1999-01-30,209,10.099122809999999,winter
1999-01-31,238,NA,winter
1999-02-01,217,NA,winter
1999-02-02,207,NA,winter
1999-02-03,212,NA,winter
1999-02-04,220,NA,winter
1999-02-05,209,7.618261559999997,winter
1999-02-06,172,NA,winter
1999-02-07,218,NA,winter
1999-02-08,217,NA,winter
1999-02-09,205,NA,winter
1999-02-10,201,NA,winter
1999-02-11,203,21.907954545,winter
1999-02-12,206,NA,winter
1999-02-13,194,NA,winter
1999-02-14,198,NA,winter
1999-02-15,177,NA,winter
1999-02-16,191,NA,winter
1999-02-17,202,46.248214286,winter
1999-02-18,208,NA,winter
1999-02-19,178,NA,winter
1999-02-20,196,NA,winter
1999-02-21,163,NA,winter
1999-02-22,197,NA,winter
1999-02-23,199,23.521347403,winter
1999-02-24,181,NA,winter
1999-02-25,218,NA,winter
1999-02-26,182,NA,winter
1999-02-27,175,NA,winter
1999-02-28,175,NA,winter
1999-03-01,206,19.0875,winter
1999-03-02,137,NA,winter
1999-03-03,184,NA,winter
1999-03-04,186,NA,winter
1999-03-05,162,NA,winter
1999-03-06,180,NA,winter
1999-03-07,178,12.287291279999998,winter
1999-03-08,190,NA,winter
1999-03-09,176,NA,winter
1999-03-10,180,NA,winter
1999-03-11,179,NA,winter
1999-03-12,183,NA,winter
1999-03-13,190,12.505454549999998,winter
1999-03-14,193,NA,winter
1999-03-15,204,NA,winter
1999-03-16,190,NA,winter
1999-03-17,197,NA,winter
1999-03-18,182,NA,winter
1999-03-19,181,12.855029009999999,winter
1999-03-20,151,NA,winter
1999-03-21,168,NA,winter
1999-03-22,175,NA,winter
1999-03-23,154,NA,winter
1999-03-24,168,NA,winter
1999-03-25,183,18.724468084999998,winter
1999-03-26,155,NA,winter
1999-03-27,174,NA,winter
1999-03-28,180,NA,winter
1999-03-29,171,NA,winter
1999-03-30,178,NA,winter
1999-03-31,154,29.099695740399998,winter
1999-04-01,179,NA,spring
1999-04-02,177,NA,spring
1999-04-03,157,NA,spring
1999-04-04,150,NA,spring
1999-04-05,158,NA,spring
1999-04-06,176,25.525862069,spring
1999-04-07,147,NA,spring
1999-04-08,176,NA,spring
1999-04-09,177,NA,spring
1999-04-10,178,NA,spring
1999-04-11,169,NA,spring
1999-04-12,159,15.528787879,spring
1999-04-13,166,NA,spring
1999-04-14,151,NA,spring
1999-04-15,152,NA,spring
1999-04-16,173,NA,spring
1999-04-17,183,NA,spring
1999-04-18,134,15.13663102,spring
1999-04-19,180,NA,spring
1999-04-20,154,NA,spring
1999-04-21,156,NA,spring
1999-04-22,152,NA,spring
1999-04-23,175,NA,spring
1999-04-24,160,12.444583329999999,spring
1999-04-25,151,NA,spring
1999-04-26,161,NA,spring
1999-04-27,152,NA,spring
1999-04-28,153,NA,spring
1999-04-29,180,NA,spring
1999-04-30,159,21.112121211999998,spring
1999-05-01,153,NA,spring
1999-05-02,161,NA,spring
1999-05-03,154,NA,spring
1999-05-04,158,NA,spring
1999-05-05,153,NA,spring
1999-05-06,165,31.125862069,spring
1999-05-07,174,NA,spring
1999-05-08,149,NA,spring
1999-05-09,157,NA,spring
1999-05-10,162,NA,spring
1999-05-11,150,NA,spring
1999-05-12,164,30.5912878788,spring
1999-05-13,160,NA,spring
1999-05-14,168,NA,spring
1999-05-15,148,NA,spring
1999-05-16,159,NA,spring
1999-05-17,168,NA,spring
1999-05-18,171,22.783385579999997,spring
1999-05-19,159,NA,spring
1999-05-20,184,NA,spring
1999-05-21,149,NA,spring
1999-05-22,144,NA,spring
1999-05-23,152,NA,spring
1999-05-24,139,38.195454545,spring
1999-05-25,179,NA,spring
1999-05-26,170,NA,spring
1999-05-27,149,NA,spring
1999-05-28,159,NA,spring
1999-05-29,184,NA,spring
1999-05-30,175,31.7475378788,spring
1999-05-31,159,NA,spring
1999-06-01,159,NA,spring
1999-06-02,160,NA,spring
1999-06-03,178,NA,spring
1999-06-04,160,NA,spring
1999-06-05,154,23.189999999999998,spring
1999-06-06,155,NA,spring
1999-06-07,169,NA,spring
1999-06-08,173,NA,spring
1999-06-09,160,NA,spring
1999-06-10,143,NA,spring
1999-06-11,143,29.0154545455,spring
1999-06-12,151,NA,spring
1999-06-13,133,NA,spring
1999-06-14,126,NA,spring
1999-06-15,147,NA,spring
1999-06-16,133,NA,spring
1999-06-17,152,23.935037879,spring
1999-06-18,155,NA,spring
1999-06-19,153,NA,spring
1999-06-20,159,NA,spring
1999-06-21,165,NA,spring
1999-06-22,156,NA,spring
1999-06-23,167,35.528787879,spring
1999-06-24,158,NA,spring
1999-06-25,134,NA,spring
1999-06-26,151,NA,spring
1999-06-27,146,NA,spring
1999-06-28,176,NA,spring
1999-06-29,171,37.880416667,spring
1999-06-30,164,NA,spring
1999-07-01,154,NA,summer
1999-07-02,174,NA,summer
1999-07-03,171,NA,summer
1999-07-04,149,NA,summer
1999-07-05,185,48.838311688,summer
1999-07-06,232,NA,summer
1999-07-07,268,NA,summer
1999-07-08,196,NA,summer
1999-07-09,164,NA,summer
1999-07-10,184,NA,summer
1999-07-11,162,1.5779310299999985,summer
1999-07-12,149,NA,summer
1999-07-13,165,NA,summer
1999-07-14,132,NA,summer
1999-07-15,165,NA,summer
1999-07-16,126,NA,summer
1999-07-17,174,38.825862068999996,summer
1999-07-18,154,NA,summer
1999-07-19,145,NA,summer
1999-07-20,165,NA,summer
1999-07-21,142,NA,summer
1999-07-22,156,NA,summer
1999-07-23,173,43.09,summer
1999-07-24,156,NA,summer
1999-07-25,163,NA,summer
1999-07-26,173,NA,summer
1999-07-27,166,NA,summer
1999-07-28,153,NA,summer
1999-07-29,158,39.640566038,summer
1999-07-30,165,NA,summer
1999-07-31,154,NA,summer
1999-08-01,167,NA,summer
1999-08-02,155,NA,summer
1999-08-03,148,NA,summer
1999-08-04,161,25.09,summer
1999-08-05,158,NA,summer
1999-08-06,167,NA,summer
1999-08-07,157,NA,summer
1999-08-08,149,NA,summer
1999-08-09,177,NA,summer
1999-08-10,139,21.938181817999997,summer
1999-08-11,159,NA,summer
1999-08-12,157,NA,summer
1999-08-13,164,NA,summer
1999-08-14,154,NA,summer
1999-08-15,123,NA,summer
1999-08-16,142,24.357931034,summer
1999-08-17,166,NA,summer
1999-08-18,152,NA,summer
1999-08-19,128,NA,summer
1999-08-20,145,NA,summer
1999-08-21,140,NA,summer
1999-08-22,139,16.089999999999996,summer
1999-08-23,158,NA,summer
1999-08-24,154,NA,summer
1999-08-25,179,NA,summer
1999-08-26,176,NA,summer
1999-08-27,170,NA,summer
1999-08-28,157,47.667241379000004,summer
1999-08-29,133,NA,summer
1999-08-30,129,NA,summer
1999-08-31,154,NA,summer
1999-09-01,154,NA,summer
1999-09-02,151,NA,summer
1999-09-03,147,28.09,summer
1999-09-04,156,NA,summer
1999-09-05,161,NA,summer
1999-09-06,163,NA,summer
1999-09-07,148,NA,summer
1999-09-08,139,NA,summer
1999-09-09,157,49.925862069,summer
1999-09-10,145,NA,summer
1999-09-11,136,NA,summer
1999-09-12,147,NA,summer
1999-09-13,166,NA,summer
1999-09-14,168,NA,summer
1999-09-15,159,25.09,summer
1999-09-16,147,NA,summer
1999-09-17,130,NA,summer
1999-09-18,145,NA,summer
1999-09-19,162,NA,summer
1999-09-20,145,NA,summer
1999-09-21,133,16.590677966,summer
1999-09-22,145,NA,summer
1999-09-23,161,NA,summer
1999-09-24,178,NA,summer
1999-09-25,149,NA,summer
1999-09-26,158,NA,summer
1999-09-27,161,19.09,summer
1999-09-28,147,NA,summer
1999-09-29,193,NA,summer
1999-09-30,161,NA,summer
1999-10-01,154,NA,fall
1999-10-02,154,NA,fall
1999-10-03,146,25.4250847458,fall
1999-10-04,177,NA,fall
1999-10-05,151,NA,fall
1999-10-06,184,NA,fall
1999-10-07,154,NA,fall
1999-10-08,143,NA,fall
1999-10-09,172,21.895,fall
1999-10-10,170,NA,fall
1999-10-11,144,NA,fall
1999-10-12,171,NA,fall
1999-10-13,165,NA,fall
1999-10-14,179,NA,fall
1999-10-15,159,15.378333332999999,fall
1999-10-16,173,NA,fall
1999-10-17,164,NA,fall
1999-10-18,172,NA,fall
1999-10-19,174,NA,fall
1999-10-20,162,NA,fall
1999-10-21,165,24.716666667,fall
1999-10-22,147,NA,fall
1999-10-23,169,NA,fall
1999-10-24,155,NA,fall
1999-10-25,173,NA,fall
1999-10-26,171,NA,fall
1999-10-27,177,19.886666667,fall
1999-10-28,149,NA,fall
1999-10-29,152,NA,fall
1999-10-30,163,NA,fall
1999-10-31,185,NA,fall
1999-11-01,162,NA,fall
1999-11-02,163,23.928333332999998,fall
1999-11-03,152,NA,fall
1999-11-04,154,NA,fall
1999-11-05,164,NA,fall
1999-11-06,193,NA,fall
1999-11-07,149,NA,fall
1999-11-08,198,13.819999999999999,fall
1999-11-09,187,NA,fall
1999-11-10,186,NA,fall
1999-11-11,163,NA,fall
1999-11-12,171,NA,fall
1999-11-13,160,NA,fall
1999-11-14,149,30.419999999999998,fall
1999-11-15,187,NA,fall
1999-11-16,178,NA,fall
1999-11-17,207,NA,fall
1999-11-18,171,NA,fall
1999-11-19,168,NA,fall
1999-11-20,180,17.32,fall
1999-11-21,151,NA,fall
1999-11-22,165,NA,fall
1999-11-23,160,NA,fall
1999-11-24,159,NA,fall
1999-11-25,160,NA,fall
1999-11-26,159,13.93666667,fall
1999-11-27,179,NA,fall
1999-11-28,154,NA,fall
1999-11-29,161,NA,fall
1999-11-30,167,NA,fall
1999-12-01,203,NA,fall
1999-12-02,199,28.028333333299997,fall
1999-12-03,165,NA,fall
1999-12-04,213,NA,fall
1999-12-05,182,NA,fall
1999-12-06,187,NA,fall
1999-12-07,171,NA,fall
1999-12-08,167,34.07,fall
1999-12-09,152,NA,fall
1999-12-10,187,NA,fall
1999-12-11,164,NA,fall
1999-12-12,185,NA,fall
1999-12-13,192,NA,fall
1999-12-14,205,13.386666669999999,fall
1999-12-15,171,NA,fall
1999-12-16,202,NA,fall
1999-12-17,199,NA,fall
1999-12-18,181,NA,fall
1999-12-19,197,NA,fall
1999-12-20,215,15.836666667,fall
1999-12-21,164,NA,fall
1999-12-22,182,NA,fall
1999-12-23,168,NA,fall
1999-12-24,208,NA,fall
1999-12-25,202,NA,fall
1999-12-26,187,16.936666666999997,fall
1999-12-27,224,NA,fall
1999-12-28,232,NA,fall
1999-12-29,210,NA,fall
1999-12-30,215,NA,fall
1999-12-31,238,NA,fall
2000-01-01,228,37,winter
2000-01-02,238,NA,winter
2000-01-03,226,NA,winter
2000-01-04,237,NA,winter
2000-01-05,254,NA,winter
2000-01-06,239,NA,winter
2000-01-07,213,26.5333333333,winter
2000-01-08,226,NA,winter
2000-01-09,214,NA,winter
2000-01-10,222,NA,winter
2000-01-11,239,NA,winter
2000-01-12,193,NA,winter
2000-01-13,244,17.416666666999998,winter
2000-01-14,204,NA,winter
2000-01-15,202,NA,winter
2000-01-16,220,NA,winter
2000-01-17,188,NA,winter
2000-01-18,216,NA,winter
2000-01-19,210,23.233333332999997,winter
2000-01-20,236,NA,winter
2000-01-21,217,NA,winter
2000-01-22,218,NA,winter
2000-01-23,226,NA,winter
2000-01-24,197,NA,winter
2000-01-25,204,26.6666666667,winter
2000-01-26,197,NA,winter
2000-01-27,194,NA,winter
2000-01-28,183,NA,winter
2000-01-29,202,NA,winter
2000-01-30,198,NA,winter
2000-01-31,217,27.016666666699997,winter
2000-02-01,213,NA,winter
2000-02-02,188,NA,winter
2000-02-03,174,NA,winter
2000-02-04,182,NA,winter
2000-02-05,197,NA,winter
2000-02-06,175,17.933333333,winter
2000-02-07,191,NA,winter
2000-02-08,184,NA,winter
2000-02-09,185,NA,winter
2000-02-10,170,NA,winter
2000-02-11,172,NA,winter
2000-02-12,172,18.833333333,winter
2000-02-13,197,NA,winter
2000-02-14,213,NA,winter
2000-02-15,180,NA,winter
2000-02-16,170,NA,winter
2000-02-17,182,NA,winter
2000-02-18,173,18.756557377,winter
2000-02-19,174,NA,winter
2000-02-20,173,NA,winter
2000-02-21,176,NA,winter
2000-02-22,154,NA,winter
2000-02-23,175,NA,winter
2000-02-24,161,47.740163933999995,winter
2000-02-25,171,NA,winter
2000-02-26,187,NA,winter
2000-02-27,172,NA,winter
2000-02-28,170,NA,winter
2000-02-29,172,NA,winter
2000-03-01,166,20.904098361,winter
2000-03-02,197,NA,winter
2000-03-03,173,NA,winter
2000-03-04,167,NA,winter
2000-03-05,175,NA,winter
2000-03-06,179,NA,winter
2000-03-07,175,24.920491802999997,winter
2000-03-08,159,NA,winter
2000-03-09,164,NA,winter
2000-03-10,150,NA,winter
2000-03-11,174,NA,winter
2000-03-12,163,NA,winter
2000-03-13,175,19.035245902,winter
2000-03-14,161,NA,winter
2000-03-15,171,NA,winter
2000-03-16,168,NA,winter
2000-03-17,151,NA,winter
2000-03-18,153,NA,winter
2000-03-19,131,18.068032787,winter
2000-03-20,168,NA,winter
2000-03-21,172,NA,winter
2000-03-22,172,NA,winter
2000-03-23,154,NA,winter
2000-03-24,164,NA,winter
2000-03-25,165,31.8713114754,winter
2000-03-26,152,NA,winter
2000-03-27,185,NA,winter
2000-03-28,155,NA,winter
2000-03-29,149,NA,winter
2000-03-30,130,NA,winter
2000-03-31,153,11.822131149999999,winter
2000-04-01,163,NA,spring
2000-04-02,145,NA,spring
2000-04-03,163,NA,spring
2000-04-04,187,NA,spring
2000-04-05,175,NA,spring
2000-04-06,164,29.543442622999997,spring
2000-04-07,185,NA,spring
2000-04-08,150,NA,spring
2000-04-09,178,NA,spring
2000-04-10,174,NA,spring
2000-04-11,162,NA,spring
2000-04-12,133,21.723770492,spring
2000-04-13,164,NA,spring
2000-04-14,168,NA,spring
2000-04-15,171,NA,spring
2000-04-16,187,NA,spring
2000-04-17,161,NA,spring
2000-04-18,146,16.477868852,spring
2000-04-19,173,NA,spring
2000-04-20,167,NA,spring
2000-04-21,155,NA,spring
2000-04-22,158,NA,spring
2000-04-23,148,NA,spring
2000-04-24,171,17.264754097999997,spring
2000-04-25,167,NA,spring
2000-04-26,140,NA,spring
2000-04-27,153,NA,spring
2000-04-28,167,NA,spring
2000-04-29,171,NA,spring
2000-04-30,162,16.559836066,spring
2000-05-01,154,NA,spring
2000-05-02,150,NA,spring
2000-05-03,148,NA,spring
2000-05-04,174,NA,spring
2000-05-05,161,NA,spring
2000-05-06,177,43.723770492,spring
2000-05-07,214,NA,spring
2000-05-08,170,NA,spring
2000-05-09,203,NA,spring
2000-05-10,170,NA,spring
2000-05-11,170,NA,spring
2000-05-12,158,20.363114753999998,spring
2000-05-13,172,NA,spring
2000-05-14,160,NA,spring
2000-05-15,145,NA,spring
2000-05-16,181,NA,spring
2000-05-17,170,NA,spring
2000-05-18,163,35.609016393,spring
2000-05-19,158,NA,spring
2000-05-20,146,NA,spring
2000-05-21,143,NA,spring
2000-05-22,164,NA,spring
2000-05-23,147,NA,spring
2000-05-24,159,25.5,spring
2000-05-25,137,NA,spring
2000-05-26,159,NA,spring
2000-05-27,143,NA,spring
2000-05-28,148,NA,spring
2000-05-29,150,NA,spring
2000-05-30,147,20.302542372999998,spring
2000-05-31,181,NA,spring
2000-06-01,167,NA,spring
2000-06-02,169,NA,spring
2000-06-03,161,NA,spring
2000-06-04,158,NA,spring
2000-06-05,159,19.539830507999998,spring
2000-06-06,144,NA,spring
2000-06-07,183,NA,spring
2000-06-08,145,NA,spring
2000-06-09,157,NA,spring
2000-06-10,136,NA,spring
2000-06-11,156,52.488983051,spring
2000-06-12,142,NA,spring
2000-06-13,140,NA,spring
2000-06-14,159,NA,spring
2000-06-15,147,NA,spring
2000-06-16,132,NA,spring
2000-06-17,154,31.4381355932,spring
2000-06-18,149,NA,spring
2000-06-19,150,NA,spring
2000-06-20,160,NA,spring
2000-06-21,153,NA,spring
2000-06-22,167,NA,spring
2000-06-23,163,25.217796610199997,spring
2000-06-24,157,NA,spring
2000-06-25,164,NA,spring
2000-06-26,151,NA,spring
2000-06-27,165,NA,spring
2000-06-28,157,NA,spring
2000-06-29,164,26.217796610199997,spring
2000-06-30,160,NA,spring
2000-07-01,169,NA,summer
2000-07-02,151,NA,summer
2000-07-03,164,NA,summer
2000-07-04,167,NA,summer
2000-07-05,169,16.21779661,summer
2000-07-06,160,NA,summer
2000-07-07,155,NA,summer
2000-07-08,155,NA,summer
2000-07-09,145,NA,summer
2000-07-10,169,NA,summer
2000-07-11,162,20.21779661,summer
2000-07-12,162,NA,summer
2000-07-13,158,NA,summer
2000-07-14,186,NA,summer
2000-07-15,134,NA,summer
2000-07-16,135,NA,summer
2000-07-17,157,21.217796609999997,summer
2000-07-18,151,NA,summer
2000-07-19,122,NA,summer
2000-07-20,142,NA,summer
2000-07-21,144,NA,summer
2000-07-22,144,NA,summer
2000-07-23,131,17.21779661,summer
2000-07-24,179,NA,summer
2000-07-25,153,NA,summer
2000-07-26,145,NA,summer
2000-07-27,168,NA,summer
2000-07-28,136,NA,summer
2000-07-29,144,18.21779661,summer
2000-07-30,130,NA,summer
2000-07-31,128,NA,summer
2000-08-01,153,NA,summer
2000-08-02,153,NA,summer
2000-08-03,150,NA,summer
2000-08-04,162,28.217796610199997,summer
2000-08-05,156,NA,summer
2000-08-06,150,NA,summer
2000-08-07,172,NA,summer
2000-08-08,143,NA,summer
2000-08-09,148,NA,summer
2000-08-10,151,28.217796610199997,summer
2000-08-11,159,NA,summer
2000-08-12,158,NA,summer
2000-08-13,165,NA,summer
2000-08-14,153,NA,summer
2000-08-15,144,NA,summer
2000-08-16,165,28.217796610199997,summer
2000-08-17,171,NA,summer
2000-08-18,163,NA,summer
2000-08-19,159,NA,summer
2000-08-20,137,NA,summer
2000-08-21,149,NA,summer
2000-08-22,171,19.21779661,summer
2000-08-23,167,NA,summer
2000-08-24,143,NA,summer
2000-08-25,166,NA,summer
2000-08-26,154,NA,summer
2000-08-27,163,NA,summer
2000-08-28,155,37.21779661,summer
2000-08-29,154,NA,summer
2000-08-30,151,NA,summer
2000-08-31,143,NA,summer
2000-09-01,170,NA,summer
2000-09-02,161,NA,summer
2000-09-03,138,27.217796610199997,summer
2000-09-04,136,NA,summer
2000-09-05,145,NA,summer
2000-09-06,135,NA,summer
2000-09-07,150,NA,summer
2000-09-08,138,NA,summer
2000-09-09,163,42.21779660999999,summer
2000-09-10,150,NA,summer
2000-09-11,155,NA,summer
2000-09-12,178,NA,summer
2000-09-13,153,NA,summer
2000-09-14,145,NA,summer
2000-09-15,156,20.21779661,summer
2000-09-16,152,NA,summer
2000-09-17,146,NA,summer
2000-09-18,156,NA,summer
2000-09-19,161,NA,summer
2000-09-20,155,NA,summer
2000-09-21,151,28.217796610199997,summer
2000-09-22,156,NA,summer
2000-09-23,179,NA,summer
2000-09-24,182,NA,summer
2000-09-25,169,NA,summer
2000-09-26,151,NA,summer
2000-09-27,172,21.217796609999997,summer
2000-09-28,157,NA,summer
2000-09-29,139,NA,summer
2000-09-30,161,NA,summer
2000-10-01,163,NA,fall
2000-10-02,176,NA,fall
2000-10-03,151,42.21779660999999,fall
2000-10-04,158,NA,fall
2000-10-05,150,NA,fall
2000-10-06,174,NA,fall
2000-10-07,139,NA,fall
2000-10-08,160,NA,fall
2000-10-09,147,12.217796609999999,fall
2000-10-10,187,NA,fall
2000-10-11,157,NA,fall
2000-10-12,179,NA,fall
2000-10-13,166,NA,fall
2000-10-14,177,NA,fall
2000-10-15,169,33.2177966102,fall
2000-10-16,178,NA,fall
2000-10-17,150,NA,fall
2000-10-18,162,NA,fall
2000-10-19,156,NA,fall
2000-10-20,177,NA,fall
2000-10-21,156,37.21779661,fall
2000-10-22,175,NA,fall
2000-10-23,154,NA,fall
2000-10-24,130,NA,fall
2000-10-25,177,NA,fall
2000-10-26,188,NA,fall
2000-10-27,173,64.21779661,fall
2000-10-28,170,NA,fall
2000-10-29,145,NA,fall
2000-10-30,160,NA,fall
2000-10-31,149,NA,fall
2000-11-01,163,NA,fall
2000-11-02,177,14.217796609999999,fall
2000-11-03,181,NA,fall
2000-11-04,194,NA,fall
2000-11-05,160,NA,fall
2000-11-06,166,NA,fall
2000-11-07,169,NA,fall
2000-11-08,168,35.21779661,fall
2000-11-09,162,NA,fall
2000-11-10,188,NA,fall
2000-11-11,183,NA,fall
2000-11-12,158,NA,fall
2000-11-13,176,NA,fall
2000-11-14,168,18.21779661,fall
2000-11-15,140,NA,fall
2000-11-16,162,NA,fall
2000-11-17,172,NA,fall
2000-11-18,173,NA,fall
2000-11-19,174,NA,fall
2000-11-20,169,NA,fall
2000-11-21,203,NA,fall
2000-11-22,194,NA,fall
2000-11-23,154,NA,fall
2000-11-24,180,NA,fall
2000-11-25,162,NA,fall
2000-11-26,164,NA,fall
2000-11-27,207,NA,fall
2000-11-28,185,NA,fall
2000-11-29,161,NA,fall
2000-11-30,182,NA,fall
2000-12-01,174,NA,fall
2000-12-02,174,9.217796609999999,fall
2000-12-03,184,NA,fall
2000-12-04,174,NA,fall
2000-12-05,174,NA,fall
2000-12-06,145,NA,fall
2000-12-07,176,NA,fall
2000-12-08,164,28.217796610199997,fall
2000-12-09,168,NA,fall
2000-12-10,160,NA,fall
2000-12-11,194,NA,fall
2000-12-12,194,NA,fall
2000-12-13,174,NA,fall
2000-12-14,202,15.217796609999999,fall
2000-12-15,186,NA,fall
2000-12-16,190,NA,fall
2000-12-17,177,NA,fall
2000-12-18,168,NA,fall
2000-12-19,161,NA,fall
2000-12-20,170,26.217796610199997,fall
2000-12-21,185,NA,fall
2000-12-22,173,NA,fall
2000-12-23,160,NA,fall
2000-12-24,162,NA,fall
2000-12-25,192,NA,fall
2000-12-26,171,17.21779661,fall
2000-12-27,185,NA,fall
2000-12-28,189,NA,fall
2000-12-29,193,NA,fall
2000-12-30,205,NA,fall
2000-12-31,190,NA,fall
